"topic"	"V1"	"V2"	"context"
"motor/noun/ad19990116/18942"	-31.3508068497391	34.2643767129699	"De twee voerden op hun vlucht per <font color=red><b>motor</b></font> een vuurgevecht met de politie ."
"motor/noun/ad19990123/12685"	38.4714692888306	32.7723455634892	"Op diezelfde auto waren meer nieuwtjes te vinden , zoals een zescilinder <font color=red><b>motor</b></font> en vierwielaandrijving ."
"motor/noun/ad19990130/13124"	22.7318586145628	27.4000491826699	"Koppel is belangrijker dan vermogen , want het bepaalt de souplesse en trekkracht van de <font color=red><b>motor</b></font> ."
"motor/noun/ad19990130/7214"	-19.7170080691584	-28.4085747214375	"` Allerlei motorwagens , <font color=red><b>motoren</b></font> en automobielen . '"
"motor/noun/ad19990218/3000"	-82.8293279949423	56.1033034964003	"Wie nooit verder is gekomen dan het rijden op een fiets , gaat ook onderuit als hij de eerste keer op een <font color=red><b>motor</b></font> stapt ."
"motor/noun/ad19990220/763"	-93.4566537916313	-101.730252300404	"HDC werkt uitsluitend bij lage gearing en is een aanvulling op het afremmen op de <font color=red><b>motor</b></font> ."
"motor/noun/ad19990409/10156"	-67.5158513539467	10.1029223637373	"De dood van deze vrouw , een oude hoer , is de <font color=red><b>motor</b></font> van het verhaal ."
"motor/noun/ad19990417/2664"	31.1990758458467	37.0721914586692	"Of misschien zelfs de 24-cilinder <font color=red><b>motor</b></font> ( 850 pk , 1000 Nm ) die VW al op de testbank heeft staan ."
"motor/noun/ad19990417/472"	-22.6996368900779	-68.5320790413323	"Vervolgens is het wachten alleen nog op de <font color=red><b>motor</b></font> , die ook moet worden opgewarmd alvorens het gaspedaal echt in de bodemplaat kan verdwijnen ."
"motor/noun/ad19990427/37891"	0.351742788074541	-101.373045050135	"Die ene gemeente kan zich bovendien ontplooien als economische <font color=red><b>motor</b></font> van Twente ."
"motor/noun/ad19990503/1431"	15.7795038755888	-2.23902971421592	"De <font color=red><b>motor</b></font> botste op de auto voor hem en raakte daarna een boom ."
"motor/noun/ad19990522/83196"	23.3789246994864	42.3586185397895	"Nu levert de <font color=red><b>motor</b></font> van zijn Golfje 330 pk aan de voorwielen en schieten er steekvlammen van een halve meter uit de dubbele uitlaten als hij flink gas geeft ."
"motor/noun/ad19990610/59180"	18.0833886525742	-55.5622335474529	"13 jun 10.00 Weerselo , 90 km toertocht voor <font color=red><b>motoren</b></font> 1940/1974 ( 074-2912075 )"
"motor/noun/ad19990624/51846"	-21.2052161787947	43.0617271391065	"Waarom verbiedt minister Netelenbos <font color=red><b>motoren</b></font> niet gewoon , ` de veiligheid is nadrukkelijk in het geding ' toch , volgens de minister ?"
"motor/noun/ad19990630/34015"	-10.5233570507244	71.588343908608	" <font color=red><b>Motoren</b></font> veroorzaken geen files , aldus de stichting ."
"motor/noun/ad19990703/67655"	25.7852112649593	51.0187833367502	"Met z'n 12 pk sterke eencilinder viertakt <font color=red><b>motor</b></font> ( 250 cc ) was dit voor menigeen de eerste auto ."
"motor/noun/ad19990710/51877"	-72.5507151489227	-6.07935286702678	"Zodra de auto maar even heeft stilgestaan , weigert de <font color=red><b>motor</b></font> te starten ."
"motor/noun/ad19990726/3641"	-37.7752487516792	19.3368557151473	"Veilig Verkeer Nederland ( VVN ) en de Koninklijke Nederlandse Motor Vereniging ( KNMV ) plaatsen daarom gele borden langs de weg om automobilisten te attenderen op <font color=red><b>motoren</b></font> ."
"motor/noun/ad19990726/3783"	-41.8202036082878	15.9139658492174	"In Nederland zijn circa 300.000 <font color=red><b>motoren</b></font> ."
"motor/noun/ad19990727/2318"	1.89110430798944	44.4730669417034	"Suzuki bleef nummer drie met 1873 verkochte <font color=red><b>motoren</b></font> ."
"motor/noun/ad19990814/617"	-55.6593639388069	-26.6906179209605	"De <font color=red><b>motoren</b></font> verbranden en de tandwielen gaan snel kapot ."
"motor/noun/ad19990828/64482"	-57.6197059730308	21.3597550711935	"Hij heeft het zelfde ruimtelijke voorkomen als van de A-klasse en ook bij hem is de <font color=red><b>motor</b></font> in een dubbele bodem onder het interieur weggewerkt ."
"motor/noun/ad19990920/22715"	-106.175528211813	40.5926747495329	"" Het had van mij mogen blijven regenen , maar dan was de <font color=red><b>motor</b></font> ook kapot gegaan . ""
"motor/noun/ad19991016/2829"	-22.1875570933376	54.9699599634228	"Ik ben ooit op een lichte <font color=red><b>motor</b></font> begonnen ."
"motor/noun/ad19991016/2863"	1.53540532693945	-29.7879938964485	"Dat is de <font color=red><b>motor</b></font> waarop je het meest met rij-techniek bezig bent ."
"motor/noun/ad19991016/65344"	23.5006995370444	47.1593272343354	"Het geheim zit 'm in de zogenoemde strippenketting die is aangepast aan de hoge krachten en koppels van de zescilinder <font color=red><b>motor</b></font> ( 193 pk ) ."
"motor/noun/ad19991023/2267"	37.5396207811475	43.3413879030387	"De tweezitter heeft een 660 cc kleine viercilinder <font color=red><b>motor</b></font> met turbo en tussenkoeler , in combinatie met viertraps automaat die met knopjes op het stuur ook handmatig te schakelen is ."
"motor/noun/ad19991113/63384"	71.2040515951838	-15.9039282031884	"Dat zijn mensen , dieren , auto's met een draaiende <font color=red><b>motor</b></font> en na een warme dag ook bomen en andere voorwerpen die nog niet zijn afgekoeld ."
"motor/noun/ad19991224/33375"	-13.1019774684918	6.05262968408348	"In gepaste stilte , dankzij de fluisterende twaalfcilinder <font color=red><b>motor</b></font> , zoeft de Rolls over de A2 ."
"motor/noun/ad20000108/17955"	24.4145757207841	31.0725018387306	"Tijdens een eerste kennismaking blijkt dat de <font color=red><b>motor</b></font> over meer dan voldoende trekkracht beschikt ."
"motor/noun/ad20000108/17977"	-29.211362665204	11.5704519204334	"De Clio dTi gaat zeer voortvarend te werk , zonder dat de <font color=red><b>motor</b></font> de ouderwetse irriterende dieselgeluiden maakt ."
"motor/noun/ad20000108/64376"	-63.1806436213083	17.5764700170052	"Murray , en zijn vader vóór hem , heeft een collectie antieke <font color=red><b>motoren</b></font> vergaard die zelfs niet-motorliefhebbers doet watertanden ."
"motor/noun/ad20000131/52150"	1.10490789763351	-13.0673894610686	"Ruim een etmaal was een spoor buiten gebruik nadat een metro een <font color=red><b>motor</b></font> had verloren en was ontspoord ."
"motor/noun/ad20000202/41715"	-6.80137905989259	72.0841761132669	"Metaalmoeheid is de oorzaak van het ongeval waarbij vrijdag een Rotterdamse metro twee <font color=red><b>motoren</b></font> verloor ."
"motor/noun/ad20000226/69419"	-51.1608551194545	-12.1358080688188	"Aan de andere kant geeft een lawaaiige <font color=red><b>motor</b></font> ook geen uitsluitsel ."
"motor/noun/ad20000313/38623"	11.8929165579939	89.8826969979971	"Sommige staten introduceerden zelfs een <font color=red><b>motor</b></font> voter-statuut waardoor iedereen die zijn rijbewijs haalt automatisch wordt geregistreerd als kiezer ."
"motor/noun/ad20000317/52277"	-33.4289116384165	-52.5059266073558	"Per direct is teammanager Rocco Benetton vervangen door Flavio Briatore , de grote man achter Supertec ; de door Renault ontworpen <font color=red><b>motor</b></font> waarmee de Italiaanse stal rijdt ."
"motor/noun/ad20000318/82720"	-56.3554962423976	-19.9337890899231	"Mensen van Nederlandse en Duitse afkomst die leven zonder de gemakken van de moderne tijd , zoals <font color=red><b>motoren</b></font> , elektriciteit en rubberen banden ."
"motor/noun/ad20000325/49077"	36.288258286453	-50.7682082649205	"ABS en een tweede airbag ontbreken bijvoorbeeld en wie in het verkeer een beetje mee wil komen , zal gauw kiezen voor de versie met 1,2 liter <font color=red><b>motor</b></font> ."
"motor/noun/ad20000401/34441"	-34.4646312105714	-34.7483745314805	"Je <font color=red><b>motor</b></font> zeurt al jaren om een buitenlandse vakantie ."
"motor/noun/ad20000415/80784"	-74.9481016255743	-8.05556531790506	"Het is dan een sport om te zien of je sneller kunt inschakelen dan de <font color=red><b>motor</b></font> kan starten ."
"motor/noun/ad20000504/59535"	-44.2262139767589	9.25660615118215	"Het is koud en dat is goed te merken : veel automobilisten wachten met draaiende <font color=red><b>motor</b></font> tot de pont komt ."
"motor/noun/ad20000508/28424"	8.80297591992456	50.2954591214214	"Ik ben toen ook omgevallen , domweg omdat ik niet genoeg kracht had om de <font color=red><b>motor</b></font> te houden ."
"motor/noun/ad20000517/24862"	-70.6199858929768	76.9817877869976	"Ooit , toen mijn zwager op de <font color=red><b>motor</b></font> verongelukte , wist zij al vantevoren dat hem iets ergs was overkomen . ""
"motor/noun/ad20000518/39632"	-28.2802349492531	37.8246759726909	"Zo'n beetje dus alles wat kan rijden met een <font color=red><b>motor</b></font> , maar dus geen fietsers ."
"motor/noun/ad20000520/5500"	-41.2153217153637	96.370870518099	"Suzuki hoopt dat de <font color=red><b>motor</b></font> in de smaak zal vallen bij dames die geen zware toerbak willen en bij beginners met het zogenoemde ` lichte rijbewijs ' die gebonden zijn aan een motor met maximaal 34 pk ."
"motor/noun/ad20000527/23866"	3.59130435156083	8.5603393306027	"De geloofwaardigheid van dit beleid zou een enorme opsteker krijgen indien <font color=red><b>motoren</b></font> , motorscooters en brommers een vrijstelling zouden krijgen van bpm en btw ."
"motor/noun/ad20000717/19468"	15.1402597082227	-11.0330231206765	"De 33-jarige Roeland Kamps uit Oirschot overleed zaterdag in de buurt van Eindhoven op slag nadat hij met zijn <font color=red><b>motor</b></font> was geslipt en op een lantaarnpaal was gebotst ."
"motor/noun/ad20000724/32268"	-34.5200900476149	31.7857670860906	"Een 18-jarige bestuurder van een <font color=red><b>motor</b></font> uit Delft verongelukte zaterdagavond in Scheveningen ."
"motor/noun/ad20000727/18966"	60.4682457729444	41.3591563847402	"De reparatie aan de <font color=red><b>motor</b></font> werd verricht op verzoek van de piloot ."
"motor/noun/ad20000812/17030"	-19.9806127061722	19.0500605907176	"De meeste <font color=red><b>motoren</b></font> verkeren in een uitstekende staat , aldus de KNMV , juist omdat de motorrijder als geen ander weet dat hij zelf de dupe wordt , als hij zijn voertuig niet goed onderhoudt ."
"motor/noun/ad20000822/41978"	13.0633297812967	83.8270508256272	"Chimène van Oosterhout , 36 inmiddels , rijdt al haar halve leven <font color=red><b>motor</b></font> ."
"motor/noun/ad20000822/42618"	65.3548972806979	8.77936288055593	"Zijn eerste vraag toen hij uit zijn coma ontwaakte was : ` hoe is het met mijn <font color=red><b>motor</b></font> ' ."
"motor/noun/ad20000823/11253"	2.43518211913707	101.87668206211	"Netelenbos vindt dat gevaarlijk omdat een zware <font color=red><b>motor</b></font> meer behendigheid en ervaring eist ."
"motor/noun/ad20000823/11341"	-32.16045113263	118.710258170284	"Hij kent geen onderzoeken die aantonen dat de overstap van lichte naar zware <font color=red><b>motoren</b></font> te groot zou zijn ."
"motor/noun/ad20000823/11367"	-23.3132225175655	53.2776690719726	"Bovendien wachten jongeren nu met rijles tot zij 21 zijn , zodat zij niet eerst op een lichte <font color=red><b>motor</b></font> hoeven te rijden ."
"motor/noun/ad20000826/32742"	3.96033827590965	36.0123044752832	"De <font color=red><b>motoren</b></font> worden aangedreven door een 1442 cc dikke V-twin van leverancier S&S en ze beschikken over een hedendaagse voetversnelling in plaats van de klassieke handversnelling ."
"motor/noun/ad20000904/17613"	40.4296157449791	51.2297202675348	"En daarvoor staat Haga en zijn Superbike - een <font color=red><b>motor</b></font> in de klasse tot 1000 cc - garant ."
"motor/noun/ad20000916/65129"	-34.6888555015966	-0.686063790448327	"Vooral de voorvork , het stuur , de dikke uitlaat en de spitse koplamp geven de <font color=red><b>motor</b></font> een eigen gezicht ."
"motor/noun/ad20001111/25699"	-18.2080026343038	5.48112048391056	"Woeste lijnen , wilde , bijkans ontembare twaalfcilinder <font color=red><b>motoren</b></font> en een uitlaatgeluid van een door de duivel bezeten kerkorgel , werden steeds vaker de belangrijkste kenmerken van de producten ."
"motor/noun/ad20001123/23510"	-44.4954830039095	76.6975795178817	"Martijn , die in 1996 op 22-jarige leeftijd op zijn <font color=red><b>motor</b></font> verongelukte , is de eerste ."
"motor/noun/ad20001125/194"	34.9607305971355	-47.4878453747285	"Onze testauto is de Punto met 1,2 liter <font color=red><b>motor</b></font> én Speedgear-automaat ."
"motor/noun/ad20001125/2059"	13.6538353551423	-94.6254668030138	"En ze zijn minder schadelijk voor het milieu , want de Honda-ingenieurs zagen kans om met deze <font color=red><b>motoren</b></font> nu al de voor 2005 verplichte uitlaatgasemissies te halen ."
"motor/noun/ad20001209/79252"	-18.7641814864802	-53.3283649814422	"Grote radio , sportvelgen , een lekker pittige <font color=red><b>motor</b></font> en een beschaafd spoilertje ."
"motor/noun/ad20001221/8527"	23.9534719636192	-36.6349462779367	"TOERTOCHTJE op de <font color=red><b>motor</b></font> gemaakt ."
"motor/noun/ad20001230/58559"	6.08776141938423	-41.4400304489545	"De <font color=red><b>motor</b></font> is wel erg dorstig , bij een pittige rijstijl verbruikt hij zomaar 1 op 6 ."
"motor/noun/ad20010203/53556"	4.63510970890174	23.8548475954846	"Tot hier reiken zo'n beetje de vooroordelen van de gemiddelde autokoper , die vaak meer geïnteresseerd is in de prestaties van de <font color=red><b>motor</b></font> of de luxe van een airconditioning ."
"motor/noun/ad20010217/78049"	-22.27359202751	-27.8304658753682	"Een raceauto met de <font color=red><b>motor</b></font> achterin ."
"motor/noun/ad20010316/3809"	23.1959253154581	49.8895100494915	"Het belangrijkste is echter dat hij ook bijna 85 pk minder sterk is dan de <font color=red><b>motor</b></font> van vorig jaar ."
"motor/noun/ad20010316/3835"	55.6714495937493	14.5762734521483	"In de praktijk betekent het dat Button en Fisichella bijna 100 pk minder hebben dan bijvoorbeeld de rijders met <font color=red><b>motoren</b></font> van BMW , Ferrari en Mercedes ."
"motor/noun/ad20010316/3846"	51.3031783649699	14.6944662804432	"De <font color=red><b>motor</b></font> is wel revolutionair ."
"motor/noun/ad20010316/4018"	79.0549226034613	-52.9701249554624	"In die tijd ging het om revolutionaire <font color=red><b>motoren</b></font> ."
"motor/noun/ad20010317/94791"	-28.4165843148291	-27.6704316183229	"Ook door de nieuwere <font color=red><b>motoren</b></font> met de milieunormen , het wordt steeds moeilijker ."
"motor/noun/ad20010319/3265"	18.5408735437285	-17.7639502501048	"En Götte zou voor het vertrek nog even zijn afgelopen vrijdag gekochte nieuwe <font color=red><b>motor</b></font> uitproberen ."
"motor/noun/ad20010323/23820"	-9.98579847772766	-49.7250171235503	"Hebben willen vertellen dat zijn een dag eerder gekochte nieuwe <font color=red><b>motor</b></font> ` lekker reed ' ."
"motor/noun/ad20010331/39360"	10.846724106971	-59.0339544708343	"Volgens de folder accelereert de T Sport binnen 9 seconden naar de 1000 ( ! ) kilometer per uur en hoewel de lichtgewicht 1.5 <font color=red><b>motor</b></font> best pittig is , kan Toyota er een paar kilometer naast zitten ."
"motor/noun/ad20010331/75344"	48.5441355822972	-28.550864640726	"Met een eigen <font color=red><b>motor</b></font> , volledig los van de Japanse fabrieken , naar het idee van de Formule 1 ."
"motor/noun/ad20010331/86709"	-1.64740799539596	-9.14876472507717	"En die auto koop je al voor amper 25.000 gulden , eveneens met een 1.4 <font color=red><b>motor</b></font> !"
"motor/noun/ad20010414/49114"	41.6041317693294	18.7773426705897	"Een verlengde A8 had Audi al , maar de combinatie met de twaalfcilinder <font color=red><b>motor</b></font> is nieuw ."
"motor/noun/ad20010426/15605"	78.1780574624366	-5.00232662610995	"Na de landing op Amundsen Scott moest de bemanning de draaiende <font color=red><b>motoren</b></font> met hittekanonnen warm houden , om te voorkomen dat de benzine bevroor ."
"motor/noun/ad20010428/103803"	34.2254970779309	-91.5541285815595	"De keus aan <font color=red><b>motoren</b></font> voor de A6 is uitgebreid ."
"motor/noun/ad20010602/1107"	-29.1329834801711	9.0892451284083	"Temperamentvolle <font color=red><b>motoren</b></font> ."
"motor/noun/ad20010609/32643"	-11.4288254668839	-26.8183349803584	"Ook staan er steeds meer <font color=red><b>motoren</b></font> verankerd op de speciale rijtuigen ."
"motor/noun/ad20010609/33587"	-60.2295204450649	-66.222023984541	"Verder is de Stream nog met een 2,0 liter <font color=red><b>motor</b></font> te koop vanaf ƒ60.990 ."
"motor/noun/ad20010614/2612"	-35.3035015579718	4.74497546020703	"Dan slaat de <font color=red><b>motor</b></font> eindelijk aan ."
"motor/noun/ad20010728/35247"	-24.6616121625621	8.30833497019288	"Dit mede door de potente <font color=red><b>motor</b></font> , stugge vering en stijvere motor-ophanging ."
"motor/noun/ad20010825/51959"	75.8325040473417	-56.986448948163	"De viercilinder <font color=red><b>motor</b></font> ( Valvetronic ) is revolutionair ; hij onderscheidt zich door de afwezigheid van een normale gasklep ."
"motor/noun/ad20010901/25017"	26.2280833288865	-35.5361427353676	"Na een paar rondjes is de <font color=red><b>motor</b></font> al lekker warm ."
"motor/noun/ad20010914/10760"	-45.6487522489504	29.5800715928954	"Hij zat achterop de <font color=red><b>motor</b></font> bij zijn 36-jarige broer ."
"motor/noun/ad20010925/1198"	61.0776899007181	43.6356817220345	"Tot slot concludeert de Raad voor de Luchtvaart dat een uitvallende <font color=red><b>motor</b></font> en een niet goed reagerende bemanning de oorzaak zijn van het ongeval ."
"motor/noun/ad20011128/39742"	-24.5448993159224	12.5858561300017	"De <font color=red><b>motor</b></font> is nog niet op mijn rijstijl afgesteld ."
"motor/noun/ad20011201/62401"	-3.93200587620633	15.7527784782408	"Wij kijken altijd met bewondering naar Italië , omdat ze daar prachtige auto's , scooters , <font color=red><b>motoren</b></font> en kleding kunnen maken ."
"motor/noun/ad20011201/62626"	51.0650242009399	-32.3564270529189	"" In Japan zijn in het verleden ook heel bijzondere <font color=red><b>motoren</b></font> gebouwd , hoor ."
"motor/noun/ad20011201/63035"	60.0866748772399	15.97106838903	"Wij hebben behalve prachtige hypersportieve motoren ook <font color=red><b>motoren</b></font> en scooters voor het grote publiek . ""
"motor/noun/ad20011212/34944"	11.9471191677807	35.3987689624349	"Grote <font color=red><b>motoren</b></font> met zes of twaalf cilinders kenmerken de dure Phaeton , die boordevol luxe en technische snufjes is gestopt ."
"motor/noun/ad20011222/40318"	-58.0719868043652	-70.7141615997626	"De Fiat , standaard met een 1,1 liter viercilinder <font color=red><b>motor</b></font> uitgerust , is nu te koop vanaf ƒ16.583 ( euro7.525 ) ."
"motor/noun/ad20020110/40799"	0.0241912462374841	-6.97301984625427	"In Arras vertrokken 167 <font color=red><b>motoren</b></font> , 117 auto's en 34 trucks ."
"motor/noun/ad20020126/35130"	-74.9754462652654	54.0028660035338	"Skoda concentreert zich vervolgens op simpele , relatief ruime modellen met de <font color=red><b>motor</b></font> achterin ."
"motor/noun/ad20020227/9125"	-1.11687540339441	13.8396922570596	"Drogisterijketen Kruidvat stopt voorlopig met de verkoop van de cd-roms waarmee klanten zich kunnen voorbereiden op het theorie-examen personenauto , <font color=red><b>motor</b></font> en bromfiets ."
"motor/noun/ad20020302/44051"	30.1955787305976	-45.5944314269918	"Met de 1,6 liter <font color=red><b>motor</b></font> rijdt de Clio als een speer ."
"motor/noun/ad20020309/15130"	-2.98209092779154	-65.7453768501737	"Vooral ouderen stappen op de <font color=red><b>motor</b></font> ."
"motor/noun/ad20020309/15215"	19.2120739010601	-70.6165332184894	"Opvallend is dat het aantal verkochte <font color=red><b>motoren</b></font> vorig jaar niet toe- maar afnam ."
"motor/noun/ad20020318/41130"	45.8794796598221	13.4142677354658	"Daar werden de <font color=red><b>motoren</b></font> bedacht ."
"motor/noun/ad20020328/23635"	6.76818891962299	89.0047637517437	"Het principe geldt voor alle rijbewijzen , van <font color=red><b>motor</b></font> tot vrachtwagen ."
"motor/noun/ad20020328/23794"	7.58940846372373	87.2630835648116	"Mensen die nu al een gewoon rijbewijs hebben en bijvoorbeeld opgaan voor vrachtwagen of <font color=red><b>motor</b></font> vallen niet onder de regeling ."
"motor/noun/ad20020328/25008"	59.5457222879514	36.7692353912306	"Dit kwartaal hoopt Boeing testen af te ronden met raketten met aangepaste <font color=red><b>motoren</b></font> ."
"motor/noun/ad20020328/25101"	23.4611281023302	-75.7884640714391	"Dat is geluk hebben : nog geen 10 procent van alle Hellfires heeft die <font color=red><b>motoren</b></font> ."
"motor/noun/ad20020406/40401"	-17.0315470582478	35.5429887091548	"In het ergste geval kan het systeem ook de <font color=red><b>motor</b></font> uitzetten , zodat de auto niet ver kan rijden ."
"motor/noun/ad20020420/56731"	7.57240640178316	-1.94406009495377	"Vervoermiddel : auto , <font color=red><b>motor</b></font> , bus , vrachtwagen en lest nu voor touringcar ."
"motor/noun/ad20020420/74502"	28.5991368061873	-21.7015197062927	"In een <font color=red><b>motor</b></font> verloopt de verbranding veel efficiënter dan bij benzine , doordat er geen warmte verloren gaat ."
"motor/noun/ad20020427/53061"	-13.6766938489148	23.4921463694351	"Wanneer met de auto sportief wordt gereden , verdwijnt het zuinige karakter van de <font color=red><b>motor</b></font> ."
"motor/noun/ad20020501/11621"	10.8554960902802	-0.379945238746641	"Museeuw werd in Gistel aangereden door een wagen toen hij op zijn <font color=red><b>motor</b></font> een ritje maakte met zijn vrouw en kind ."
"motor/noun/ad20020503/17131"	-38.9100234195084	-11.7156615481436	"Omdat er rook uit de <font color=red><b>motor</b></font> komt , besluit de beveiliger Van den Bent uit de auto te halen ."
"motor/noun/ad20020525/59699"	39.0078539951278	30.3390584530675	"Uiteraard heeft SsangYong ook voor deze auto weer een <font color=red><b>motor</b></font> van Mercedes-Benz gekozen ."
"motor/noun/ad20020805/20580"	-77.9214278027375	53.6668020762123	"Een berijdershandboekje van een <font color=red><b>motor</b></font> van het merk Jawa , type 250 , kost slechts vijf euro ."
"motor/noun/ad20020806/7989"	33.7002702823769	-93.6449396858266	"De Nederlandse bond kan geen sterk nationaal team formeren sinds het WK een open klasse is geworden waarin drie rijders per land vrij zijn in de keuze van de <font color=red><b>motor</b></font> ."
"motor/noun/ad20020831/36617"	-11.159334389995	10.1764048953496	"Voor de roadster klinkt dat niet echt indrukwekkend , maar die <font color=red><b>motor</b></font> zorgt in elk geval een topsnelheid van 175 km/u en een acceleratie van 0-100 km/u in rond 11 seconden ."
"motor/noun/ad20020913/35661"	52.9151669834923	-71.2840347235383	"Heel soms geniet ik als ik op mijn <font color=red><b>motor</b></font> rondrijd ."
"motor/noun/ad20020914/78877"	20.3845854412501	9.25404397199695	"René Lacos te kon goed met auto's en <font color=red><b>motoren</b></font> overweg , hij had een knobbel voor wiskunde en was praktisch aangelegd ."
"motor/noun/ad20020921/44361"	-29.7122698097076	25.0240730235463	"Gilbert raakte vijf jaar geleden na een val van zijn <font color=red><b>motor</b></font> vanaf zijn middel verlamd , maar voltooide de race in een aangepaste auto die hij speciaal voor dit evenement had gekocht ."
"motor/noun/ad20020921/46535"	8.79510516130138	-40.6032135315461	"Het verbruik is aanzienlijk , omdat de <font color=red><b>motor</b></font> ruim 2000 kilo mee moet slepen ."
"motor/noun/ad20020921/64209"	-66.6617950902614	14.1938191132018	"Alleen , de moderne <font color=red><b>motor</b></font> oogt totaal anders dan zijn voorganger ."
"motor/noun/ad20021012/63301"	10.2007275045843	37.4042834756587	"Bovendien is het cijferwerk goed voor een plaats in de kopgroep : 117 pk en 169 kg. De prijs is , zoals bij de meeste nieuwe <font color=red><b>motoren</b></font> , nog onbekend ."
"motor/noun/ad20021012/63749"	71.1380917351105	11.150908176095	"Door de opmars van dit soort motoren splitst het segment van de basic bikes zich steeds meer op in échte eenvoudige <font color=red><b>motoren</b></font> en in motoren met weinig , maar wel eersteklas franje ."
"motor/noun/ad20021012/63752"	69.4285100574685	9.87053091349759	"Door de opmars van dit soort motoren splitst het segment van de basic bikes zich steeds meer op in échte eenvoudige motoren en in <font color=red><b>motoren</b></font> met weinig , maar wel eersteklas franje ."
"motor/noun/ad20021012/64701"	-31.4229171085361	67.3139645941547	"Veiligheid en de <font color=red><b>motor</b></font> , voor menigeen zijn het tegenstrijdige begrippen ."
"motor/noun/ad20021012/64963"	7.58755490964665	-23.6591049934923	"Airbags in auto's werken goed , dus waarom niet op <font color=red><b>motoren</b></font> ?"
"motor/noun/ad20021012/65098"	15.4959661014099	7.00802566285644	"Dit zendt een signaal uit naar auto's zodat de <font color=red><b>motor</b></font> eerder wordt opgemerkt ."
"motor/noun/ad20021012/65361"	9.09413685465734	-26.4086223527008	"Die opent door een koordje aan de <font color=red><b>motor</b></font> na een val ."
"motor/noun/ad20030503/11277"	37.5467260553175	-14.3957135732493	"Als je meer dan 20 seconden moet stilstaan , zet je de <font color=red><b>motor</b></font> af ."
"motor/noun/ad20030510/33965"	-40.5423752981438	-40.5443199464138	"Er zit een 5,8 liter <font color=red><b>motor</b></font> in en je moet heel gek doen om die kapot te krijgen ."
"motor/noun/ad20030607/77537"	31.226487374731	-50.8891951530269	"Het heeft ongetwijfeld ook te maken met de kleine <font color=red><b>motor</b></font> ( 1,0 liter ) , die ook voordelen met zich meebrengt ."
"motor/noun/ad20030620/10291"	3.56853574107963	-25.9980370890571	"Zo moet de kandidaat bijvoorbeeld de <font color=red><b>motor</b></font> lopend achteruit in een parkeervak op de standaard zetten , een uitwijkproef doen en een noodstop maken ."
"motor/noun/ad20030620/10508"	-18.5064285561948	40.6668121898436	"Mensen die <font color=red><b>motor</b></font> willen gaan rijden moeten meer moeite doen voor hun roze papiertje omdat de EU de rijbewijsrichtlijn heeft aangescherpt ."
"motor/noun/ad20030621/15551"	59.9209011101854	-15.8924678094009	"Pas als de <font color=red><b>motor</b></font> na een minuut of twee warm is , schakel ik over ."
"motor/noun/ad20030621/31925"	15.7342014855423	36.458861150595	"Ja , hij kost meer dan menig andere <font color=red><b>motor</b></font> met evenveel pk's , maar dat is de prijs voor exclusiviteit en een subliem rijgedrag ."
"motor/noun/ad20030627/23460"	-38.9967943198505	-16.5671521241308	"Nobuatsu Aoki zag zijn <font color=red><b>motor</b></font> in vuur opgaan ."
"motor/noun/ad20030628/30066"	-49.2732281686151	-63.7908703766293	"Proton is een Maleisisch automerk , in Europa niet eens te koop , dat zijn naam gaf aan de <font color=red><b>motor</b></font> die in geen winkel te koop is ."
"motor/noun/ad20030628/30467"	-26.4087577260588	70.9134171381506	"Ik weet dat veel motorrijders ` iets ' hebben met hun <font color=red><b>motor</b></font> ."
"motor/noun/ad20030705/34050"	-76.1762771014176	57.3049403594668	"Maar als ik wil dat mijn dochters ook van die <font color=red><b>motoren</b></font> kunnen genieten , moet het merk natuurlijk wel blijven bestaan ."
"motor/noun/ad20030707/20089"	-2.58493962017324	29.5730620652402	"Ondanks een krachtige <font color=red><b>motor</b></font> uit Beieren lukte het niet de kloof met Ferrari en dat andere grote Duitse merk ( Mercedes ) te dichten ."
"motor/noun/ad20030809/29617"	70.1750359446224	-30.8611427123236	"Elders staat een auto met ingeslagen ruit , de <font color=red><b>motor</b></font> nog warm , maar geen parkeerbonnetje ."
"motor/noun/ad20030818/3513"	-87.5246384470476	20.1076438456958	"Het blijkt een heel verstandige beslissing te zijn , want het onderdeel dat de ventilator van de <font color=red><b>motor</b></font> moet inschakelen , is kapot ."
"motor/noun/ad20030818/5259"	-54.7552736266233	-40.0077440817349	"dat de ventilator van de <font color=red><b>motor</b></font> moet inschakelen , is kapot ."
"motor/noun/ad20030906/56266"	23.4997742934421	35.0457735151808	"De <font color=red><b>motor</b></font> is goed voor 250 pk en een koppel van 320 Nm rond de 3000 tpm , waarmee de Audi's tot uiterst sportieve prestaties zijn op te zwepen ."
"motor/noun/ad20031018/37284"	-9.94817236514772	33.7388449095147	"En de <font color=red><b>motor</b></font> zal beslist weer prima rijden ."
"motor/noun/ad20031018/38171"	37.9170740093841	47.8552377809755	"De <font color=red><b>motor</b></font> zet met 126 pk bij 161 kg de trend voor de komende jaren ."
"motor/noun/ad20031108/56182"	21.2286666285187	6.92546599464033	"Vanwege de grotere <font color=red><b>motor</b></font> zou voor deze auto dan wel een autorijbewijs verplicht worden ."
"motor/noun/ad20031122/57641"	-53.2815530356287	47.7500197081002	"De onderplaat is gemaakt van relatief zacht en dun metaal waardoor het enigszins kan meegeven , zodat <font color=red><b>motor</b></font> en berijder niet meer onder , maar langs de vangrails schuiven ."
"motor/noun/ad20031122/57837"	-14.5046269530129	67.8450740298224	"Een schuiver maken met de <font color=red><b>motor</b></font> is vaak niet direct dodelijk , maar wanneer een motorrijder de palen van de vangrail raakt , kent de glijpartij toch vaak een dodelijke afloop ."
"motor/noun/ad20031205/47831"	33.2445807990136	12.7332199148916	"Maar wie ze laat inbouwen , raakt de fabrieksgarantie op de <font color=red><b>motor</b></font> kwijt ."
"motor/noun/ad20040207/50219"	-79.4978332594588	58.1454992704198	"De <font color=red><b>motoren</b></font> van het Duitse merk worden begeerd door Eddie Jordan ."
"motor/noun/ad20040228/31527"	51.7148002696594	-15.4520488151835	"In plaats daarvan is er een lampje dat bij een koude <font color=red><b>motor</b></font> blauw oplicht en pas rood brandt als de motor te warm wordt ."
"motor/noun/ad20040228/31536"	52.2313177100327	-17.7514081204175	"In plaats daarvan is er een lampje dat bij een koude motor blauw oplicht en pas rood brandt als de <font color=red><b>motor</b></font> te warm wordt ."
"motor/noun/ad20040313/50739"	5.06410571001694	4.53122983017072	"Achter de façade van een ietwat ruige motorclub schuilt , aldus Van Traa , een vrijplaats voor handel in drugs , wapens en gestolen auto's en <font color=red><b>motoren</b></font> ."
"motor/noun/ad20040326/31105"	6.85830149060732	82.4577644843904	"Ondertussen werd de <font color=red><b>motor</b></font> , die nog op de plaats van het ongeval stond , in beslag genomen ."
"motor/noun/ad20040326/31140"	-40.7089950778689	35.7346677615838	"Toen de agenten het voertuig gingen ophalen , zagen ze de man nog net wegrijden op zijn <font color=red><b>motor</b></font> ."
"motor/noun/ad20040410/65032"	33.9325889402903	23.0565074374171	"De <font color=red><b>motoren</b></font> tonen eveneens aan dat Audi met de A6 hogerop wil ."
"motor/noun/ad20040410/65156"	34.0179536422453	-43.6511417075193	"De 4,2 liter grote V8 ( 335 pk ) is de ideale <font color=red><b>motor</b></font> voor deze Audi ."
"motor/noun/ad20040410/65432"	6.99518104268614	43.4249558998752	"En de lichte <font color=red><b>motoren</b></font> tot 250 cc die al langer op de markt zijn , doen het in Nederland traditioneel slecht ."
"motor/noun/ad20040416/15821"	71.9255476211708	-32.3810102414311	"" Agenten voelden aan mijn auto of de <font color=red><b>motor</b></font> warm was ."
"motor/noun/ad20040427/49318"	46.1831048175994	-68.3840395515877	"Zijn zakenpartner Norbert Haug ( Mercedes ) maakte duidelijk dat de fabriekteams gesprekspartner moeten zijn : " Je kunt je toch niet voorstellen dat een chassis zonder <font color=red><b>motor</b></font> rondrijdt , of wel soms ?"
"motor/noun/ad20040429/51289"	-17.6895982312255	45.6625173528697	"In mijn enthousiasme zei ik op de radio : volgend jaar rijd ik zelf op een <font color=red><b>motor</b></font> . ""
"motor/noun/ad20040515/55242"	-51.8500348799906	-34.229254575833	"Zijn <font color=red><b>motor</b></font> was krom en die vent lag er heel slecht bij ."
"motor/noun/ad20040527/43328"	-1.96070759307075	87.354701519791	"Een 36-jarige motorrijder uit Zaltbommel kon eergisteren zijn <font color=red><b>motor</b></font> en rijbewijs inleveren omdat hij met zijn motor met 230 kilometer per uur reed over de Maaswaalweg in Aalst ."
"motor/noun/ad20040601/41258"	-42.8235031185197	30.9922206816418	"Een 57-jarige inwoner van Heerhugowaard kwam in Starnmeer om het leven nadat hij over de kop sloeg met zijn <font color=red><b>motor</b></font> ."
"motor/noun/ad20040605/42372"	43.6364817442312	10.3779239224911	"Door bijvoorbeeld hetzelfde onderstel te gebruiken , dat de nieuwe Nissan Micra en de op stapel staande nieuwe Clio gebruiken.Door <font color=red><b>motoren</b></font> ( 1.4 , 1.6 en 1.5 dCi ) en andere onderdelen ( Clio en Mégane ) te benutten die Renault toch al op de planken had liggen en door bijvoorbeeld het instrumentarium van de huidige Clio in het dashboard in te bouwen ."
"motor/noun/ad20040614extra/6826"	-18.7163291409438	-19.8050785962718	"Gezamenlijk onderzochten ze de <font color=red><b>motor</b></font> : de Yamaha werd gezond bevonden ."
"motor/noun/ad20040623/37747"	5.50676471519051	52.2955321704065	"De 1800 watt sterke <font color=red><b>motor</b></font> kan traploos worden geregeld ."
"motor/noun/ad20040710/19988"	78.9133175813529	-28.795717761829	"En : ' Voel , de <font color=red><b>motor</b></font> is nog warm ! '"
"motor/noun/ad20040713/21795"	-24.0253171359587	72.5835750861706	"Bij een aanrijding tussen een <font color=red><b>motor</b></font> en een bestelauto is gisteren een 50-jarige motorrijder uit Hellevoetsluis om het leven gekomen ."
"motor/noun/ad20040922/44166"	-48.6689738363355	51.2368878612447	"Over het bouwterrein kwamen harde windstoten , waardoor hij de macht over het stuur verloor en met zijn <font color=red><b>motor</b></font> tegen de vangrail viel ."
"motor/noun/ad20040925/30368"	2.29849132844643	24.6138457871722	"De <font color=red><b>motor</b></font> is goed in staat tot stevige prestaties en vlotte inhaalacties ."
"motor/noun/ad20041120/29673"	10.8748772002301	-52.7961781206198	"De professor verklaarde doodleuk dat hij met de auto 140 kilometer per uur reed en met de <font color=red><b>motor</b></font> soms wel eens 230 kilometer per uur wist te halen ."
"motor/noun/ad20041124/13190"	11.4084821127103	-5.80721402341157	"De <font color=red><b>motor</b></font> is van een kwaliteit zoals ze tegenwoordig wijselijk niet meer worden gemaakt en onderdelen kosten betrekkelijk weinig ."
"motor/noun/ad20041216/52004"	51.5228445279869	-73.0151296911496	"Wanneer de eerste <font color=red><b>motor</b></font> in Nederland rondreed , wordt niet duidelijk uit het boek 100 jaar KNMV - Een eeuw motorrijden in Nederland ."
"motor/noun/nrc19990122/49190"	65.1259754181224	-29.4119299782135	"De bussen en vrachtwagens waarmee ze gekomen zijn laten de hele nacht hun <font color=red><b>motoren</b></font> lopen om de mannen warm te houden ."
"motor/noun/nrc19991002/83125"	15.5349486384903	16.2006174046444	"Drie jaar later moeten de platen op alle circa 8 miljoen auto's , bedrijfswagens en <font color=red><b>motoren</b></font> zijn bevestigd ."
"motor/noun/nrc19991016/15594"	38.1280496003765	27.1773985684534	"Bovendien remt de auto in tegenstelling tot traditionele automaten effectiever op de <font color=red><b>motor</b></font> ."
"motor/noun/nrc19991202/44580"	33.9511267621053	-24.07327260551	"Ook vereist de <font color=red><b>motor</b></font> een rijstijl die in Europa vrijwel onmogelijk is ."
"motor/noun/nrc20000128/16938"	47.9086257696889	-74.2058199887367	"Ongeveer een maand geleden plaatsten Rob & Dafne de Jong , die met hun <font color=red><b>motor</b></font> de wereld rondrijden met een zijspan vol kindertekeningen , een oproep op de Kinderpagina voor hulp aan een jongen met een klompvoet in Ethiopië ."
"motor/noun/nrc20000210/10341"	-50.0185914415827	47.6490992328479	"Duitse snelheidsliefhebbers die op zoek gingen naar de limieten van de 180pk-sterke <font color=red><b>motor</b></font> eindigden op de Autobahn opvallend vaak in de vangrails ."
"motor/noun/nrc20000311/57948"	-43.7126317199089	35.9418059794236	"Motorrijden is handig , snel en avontuurlijk en daarom hebben in Nederland bijna 400.000 mannen en vrouwen een <font color=red><b>motor</b></font> ."
"motor/noun/nrc20000316/150"	78.6605107833119	-2.93437431491137	"Direct naast de begraafplaats zullen de vliegtuigen naar de startbaan taxiën en hun <font color=red><b>motoren</b></font> warm laten draaien ."
"motor/noun/nrc20000417/32597"	31.3980344926379	-3.39089920827142	"Het toestel van de Belgische luchtmacht , een Hercules C130 , verongelukte door een combinatie van een aanvaring met vogels vlak boven de landingsbaan , waardoor direct twee <font color=red><b>motoren</b></font> uitvielen en een daarop volgende mislukte doorstart ."
"motor/noun/nrc20000512/76216"	-16.6931845872883	-26.2878706035381	"Hij gaat naar een café om Lipton thee te drinken , hij laat zijn hond uit , maakt een ritje op de <font color=red><b>motor</b></font> , of hij zit thuis te kniezen onder een deken ."
"motor/noun/nrc20000715/41909"	46.7459167176511	-78.2122810441914	"Vlak voordat de renners in Avignon aan de dertiende Touretappe beginnen , tegen twaalven , start Pascal Herledan zijn <font color=red><b>motor</b></font> ."
"motor/noun/nrc20000808/25256"	79.5519903836598	-55.0492159709848	"Gemeenschappelijke <font color=red><b>motoren</b></font> en uniforme styling waren het resultaat ."
"motor/noun/nrc20000901/46354"	33.974526399598	-15.1793998345299	"Volgens die gegevens werd de Koersk getroffen door twee explosies in een torpedo - de eerste waarschijnlijk in de <font color=red><b>motor</b></font> of de brandstof , de tweede in de lading zelf ."
"motor/noun/nrc20000912/23619"	-52.0203064114258	-23.7135226811661	"Een per <font color=red><b>motor</b></font> aangedreven ketting laat het goudgele pluimvee schokkerig ronddraaien ."
"motor/noun/nrc20000923/85526"	52.172405779499	-48.4920040742133	"Taxichauffeurs , die hun auto's rustig uren laten stationair draaien , kunnen door hun <font color=red><b>motor</b></font> af te zetten en door minder te scheuren flink wat geld in de zak houden ."
"motor/noun/nrc20001113/53723"	-37.4629561561307	-24.2684791404637	"Vrijwel alle <font color=red><b>motoren</b></font> worden met water gekoeld ."
"motor/noun/nrc20001113/54453"	65.0933039106634	-21.3129909231975	"draai de <font color=red><b>motor</b></font> rustig warm"
"motor/noun/nrc20001202/30842"	-14.4858920595892	3.4142783926841	"De renners rijden in vliegende vaart achter ronkende <font color=red><b>motoren</b></font> ."
"motor/noun/nrc20001227/12050"	49.0447411701686	-34.0449127432949	"In tegenstelling tot grote fabrieksteams als Ferrari en Maserati , die lang aan hun oude concept van de motor voorin vasthielden , was John Cooper de eerste die in de moderne Formule I ( alleen Ferdinand Porsche had bij Auto Union voor de oorlog wel eens met dit idee geëxperimenteerd ) de <font color=red><b>motor</b></font> achterin bouwde ."
"motor/noun/nrc20010108/3981"	-44.3258774935451	47.3330494355538	"Een 24-jarige inwoner van Bant kwam zaterdagavond om het leven nadat hij waarschijnlijk met zijn <font color=red><b>motor</b></font> op de Handelsweg in Meppel in een bocht rechtdoor was gereden ."
"motor/noun/nrc20010216/65003"	-2.36413736768769	-28.514224574945	"Dode vaders , onverschillige moeders , een gestorven tweelingbroertje , een abortus op de <font color=red><b>motor</b></font> - met deze morsige gegevens , die Boomsma nauwelijks uitdiept , blijft hun verhaal er een van oudhollands bordkarton ."
"motor/noun/nrc20010319/43821"	14.8281464180255	-8.02308843271329	"Chris Götte , de 38-jarige drummer van de Zeeuwse popgroep Bløf , is zaterdag overleden na een verkeersongeval op de snelweg bij Middelburg , waar hij met zijn <font color=red><b>motor</b></font> botste op een auto , die kennelijk keerde op de invoegstrook ."
"motor/noun/nrc20010328/51178"	46.3608054417814	16.0128287728812	"De in te voeren armada telt 66 Volvo S80/2.9 , 22 Audi A6 , 44 Minibus Caravelle , 44 Nissan patrouillejeeps , 110 Suzuki GSX <font color=red><b>motoren</b></font> , 44 Mercedes Benz S500L en 20 jeeps van het type Mercedes Benz ML 320 ."
"motor/noun/nrc20010519/12501"	19.2932218511446	0.369250701579776	"De verklaring is simpeler , zegt Tonny van der Schoot van broodjesspeciaalzaak Be-To , die al 26 jaar de auto's en <font color=red><b>motoren</b></font> letterlijk langs het raam heeft zien vliegen ."
"motor/noun/nrc20010525/48863"	37.480079762993	22.0689848590789	"Hij noemde zijn aluminium lichtgewicht coupé met Audi V8 <font color=red><b>motor</b></font> daarom Silvestris ( = afkomstig uit het bos ) ."
"motor/noun/nrc20010525/48990"	37.6614769624602	18.215614894503	"Het merk was dé Nederlandse autopionier uit het begin van de vorige eeuw , in 1903 de uitvinder van de zescilinder <font color=red><b>motor</b></font> en vierwielaandrijving , het systeem waarmee tegenwoordig Audi zo'n doorslaand succes oogst ."
"motor/noun/nrc20010702/47286"	42.7083103529271	13.3735996957364	"Wichinkkruits <font color=red><b>motor</b></font> , een Honda VFR 400 M , heeft twee stickers : ` niet aankomen ' en ` te koop ' ."
"motor/noun/nrc20010710/39750"	-41.3698378528204	-7.29872489363552	"Tot er rook uit de <font color=red><b>motor</b></font> komt ."
"motor/noun/nrc20010827/44959"	-33.6427153326509	24.8911628094724	"Maier raakte vrijdagavond met zijn <font color=red><b>motor</b></font> betrokken bij een verkeersongeluk ."
"motor/noun/nrc20010924/20189"	49.4807282711849	-69.9377714356418	"Door het democratische karakter van de kandidaatstelling in het CDA valt echter nog wel enig getouwtrek te verwachten rondom de parlementariër , die in zijn vrije tijd graag op grote <font color=red><b>motoren</b></font> mag rondrijden ."
"motor/noun/nrc20011029/854"	122.927903222702	-57.5698787461845	"De chauffeur werd gedwongen om de truck op het voorterrein bij het huisje te parkeren , maar hij probeerde door het laten afslaan van de <font color=red><b>motor</b></font> de opdracht te saboteren ."
"motor/noun/nrc20011227/57985"	-47.6991065078366	28.1743655106029	"Niet op een <font color=red><b>motor</b></font> - daarvoor voelde de vijftiger zich te oud - maar als navigator van truckchauffeur Hans Bekx ."
"motor/noun/nrc20020112/74378"	6.26230650267077	117.847351579887	"Ook blijkt dat de Nederlander een duidelijke voorkeur heeft voor de zwaardere <font color=red><b>motoren</b></font> van meer dan 950 cc ."
"motor/noun/nrc20020115/20440"	0.260321558320229	9.71282491389771	"Hoe en op welke termijn de examens voor personenauto , <font color=red><b>motor</b></font> en bromfiets veranderen , staat nog niet vast ."
"motor/noun/nrc20020208/7697"	-9.93950607268351	-24.2788408671953	"De motorrijders hadden strikte aanwijzingen ontvangen ; ze moesten een voorrijder volgen , mochten niet harder rijden dan vijftien kilometer per uur en als er een koninklijk rijtuig naderde , dienden ze te stoppen en naast de <font color=red><b>motor</b></font> plaats te nemen ."
"motor/noun/nrc20020316/123957"	0.220152457836871	-23.024799891498	"In zijn duurste uitvoering , mét zescilinder <font color=red><b>motor</b></font> , verwarmde achterbank en ` houtdecor ' , kost het nieuwe Tsjechische topmodel bijna 50.000 euro ."
"motor/noun/nrc20020316/124011"	-58.6356500600834	-67.7395292128016	"Deze limousine is te koop met 6 liter 12-cilinder <font color=red><b>motor</b></font> ( ruim boven 100.000 euro ) en ook verkrijgbaar in gepantserde versie ."
"motor/noun/nrc20020318/53404"	34.6930436475614	4.92838567106619	"De <font color=red><b>motor</b></font> van zijn Renault haperde en de achterwielophanging functioneerde niet meer zoals het moet ."
"motor/noun/nrc20020329/58875"	-49.1177178781162	-34.2975589052316	"Hij heeft bewust gekozen voor de onderkant van de samenleving , dat was zijn <font color=red><b>motor</b></font> om te kunnen fulmineren , dat had hij niet als geslaagd mens kunnen doen ."
"motor/noun/nrc20020419/44444"	-56.7826969554851	-60.9993285302183	"Het schip zonder <font color=red><b>motor</b></font> staat dan ook te koop op internet ."
"motor/noun/nrc20020521/32622"	-17.6628895962675	10.7700195424696	"Hun groot komisch vermogen vormt de <font color=red><b>motor</b></font> van hun voorstellingen , die nog wel teveel blijven hangen in één goed bedacht uitgangspunt ."
"motor/noun/nrc20020523/48528"	74.8853487500951	-27.4064841157107	"Het chickaboem-chickaboem-ritme van de country laat de <font color=red><b>motor</b></font> hobbelen over de binnenwegen ."
"motor/noun/nrc20020622/12136"	-23.2362364108057	-10.9610856484142	"Tot mijn verbazing heb ik nog redelijk geslapen , ondanks het geloei van de <font color=red><b>motoren</b></font> in de pitbox ."
"motor/noun/nrc20020625/31824"	-10.0982278870982	-0.226199403576084	"De ramp gebeurde gisteren toen een passagierstrein op een steile helling naar achteren begon te rollen toen de <font color=red><b>motor</b></font> uitviel , en op een achteropkomende vrachttrein botste ."
"motor/noun/nrc20020717/39896"	21.8238331045177	14.0278016707555	"En als ze een luxe-auto hebben , heeft die auto vaak een opvallend lichte <font color=red><b>motor</b></font> ."
"motor/noun/nrc20020727/83843"	33.1551477129092	-17.0888001446457	"De <font color=red><b>motor</b></font> van een schip zet de in de brandstof opgeslagen ` nuttige ' energie om in bewegingsenergie van de schroef ."
"motor/noun/nrc20020727/83940"	44.6662053761306	-7.87382700445472	"Als er nu een apparaat bestond dat díe warmte om zou kunnen zetten in een bruikbare vorm , dan was het energieprobleem opgelost : met de warmte uit het zeewater kan een <font color=red><b>motor</b></font> aangedreven worden die nuttige arbeid verricht en het water weer opwarmt ."
"motor/noun/nrc20020801/7706"	-43.6305613921755	4.05507442078698	"Gelet evenwel op de vele wachtenden , liet de desbetreffende man de auto met draaiende <font color=red><b>motor</b></font> op straat staan en rende weg om de volgende auto te halen ."
"motor/noun/nrc20020810/93698"	-12.2732117050949	-14.6033145024399	"Wijnschenk , eerder onder meer manager bij Wegener en zelfstandig uitgever in Almere van een blad over <font color=red><b>motoren</b></font> en horloges ( " omdat ik alleen dingen doe die ik leuk vind " ) heeft evenwel geen enkele politieke ervaring ."
"motor/noun/nrc20020820/10535"	15.2504012184893	44.9318856859676	"De informatietechnologie is niet alleen de <font color=red><b>motor</b></font> van de nieuwe gebruiksmogelijkheden , maar levert ook instrumenten om die rekening in aangepaste vorm te presenteren ."
"motor/noun/nrc20020831/109064"	-17.0238094922	48.3676782917025	"Zo komen we op waarnemer O. die deze zomer op zijn <font color=red><b>motor</b></font> oerendhard door Frankrijk reed en af en toe stoppen moest omdat -ie het anders te warm kreeg ."
"motor/noun/nrc20020926/55778"	32.7021750168084	-48.5667953085992	"De BMW Z4 , volgend voorjaar in de showroom , is met zijn 2,5 liter <font color=red><b>motor</b></font> en een verkoopprijs vanaf 45.000 euro slechts voor weinigen weggelegd ."
"motor/noun/nrc20030415/49214"	73.8120471230934	-23.007486895192	"Ze gebruikten ook veel vuile spoelen , waardoor de <font color=red><b>motoren</b></font> warm liepen ."
"motor/noun/nrc20030416/24764"	-25.1034458064572	-15.9211769948975	"De auto-industrie fungeerde op zijn beurt weer als <font color=red><b>motor</b></font> voor de Chinese staalindustrie ."
"motor/noun/nrc20030604/35108"	-5.92101306474067	67.0079186100685	"Ook zijn echtgenote , die bij hem achterop de <font color=red><b>motor</b></font> zat , overleefde het ongeluk niet ."
"motor/noun/nrc20030704/30689"	-20.3501356409619	-2.68039168233771	"" Ik mocht de <font color=red><b>motor</b></font> niet meteen meenemen " , zegt Van Tilburg , " want de originele nummerplaathouder uit 1990 zat er nog niet op . ""
"motor/noun/nrc20030823/9454"	-3.45924138659037	90.0416726849603	"De man uit Nieuw-Dordrecht wilde uitproberen hoe hard zijn nieuwe <font color=red><b>motor</b></font> kon ."
"motor/noun/nrc20030823/9462"	-5.10084508227257	92.2079440897332	"Hij moest zijn <font color=red><b>motor</b></font> en rijbewijs bij de politie inleveren ."
"motor/noun/nrc20031201/30686"	-27.2547605705581	-6.54119634361185	"Maar er is nog steeds ruimte in de nichemarkt van zeer exclusieve <font color=red><b>motoren</b></font> ."
"motor/noun/nrc20031201/30806"	-54.1347245604677	-64.1865295848466	"Het topmodel , de F4-1000 Massimo Tamburini , is gemaakt van dure en vederlichte materialen als carbon , aluminium en titanium , staat voor 48.999 euro in de catalogus , en is daarmee de duurste <font color=red><b>motor</b></font> die momenteel te koop is ."
"motor/noun/nrc20040214/89566"	-36.9481814678571	-8.32378578436198	"Het lawaai van de <font color=red><b>motoren</b></font> is niet gering : praten wordt schreeuwen en oordoppen zijn onmisbaar ."
"motor/noun/nrc20040317/54835"	13.0988366496043	-32.8532438706695	"De nieuwe Rolls is uitgerust met een twaalfcilinder <font color=red><b>motor</b></font> en een aluminium koetswerk en kost in Nederland ruim 0,5 miljoen euro ."
"motor/noun/nrc20040403/44707"	-3.18080167333568	34.5769295857356	"Een " superauto " met een twaalfcilinder <font color=red><b>motor</b></font> en Formule I-flippers aan het stuur om te schakelen ."
"motor/noun/nrc20040420/21418"	-35.957763613144	-20.4330587316611	"Dat gebeurt door op gezette tijden de <font color=red><b>motoren</b></font> in de Sojoez-instrumentmodule voor korte tijd te ontsteken , een tijdrovende maar energiezuinige procedure die de eerste twee dagen van de Delta-missie in beslag neeemt ."
"motor/noun/nrc20040428/4218"	-78.7077202221984	61.5140137605753	"Maar door de overname van DAF maakt ook Paccar nu assen en <font color=red><b>motoren</b></font> ."
"motor/noun/parool19990209/33157"	-19.7848142602868	-62.5750717907232	"De standverwarming zorgt er dan voor dat op dat moment de auto rijklaar is : de <font color=red><b>motor</b></font> is opgewarmd en binnen is de zaak ook al lekker op temperatuur ."
"motor/noun/parool19990305/28031"	32.4018169899173	41.1891445197307	"Honda kent z'n doelgroep zo goed , dat ze het niet nodig vonden die lastig te vallen met verschillende <font color=red><b>motoren</b></font> : in de HR-V zit een 1,6-liter van 105 pk en daar moeten ze het maar mee doen ."
"motor/noun/parool19990326/8911"	-33.3120858730189	100.71088480654	"Er is dan geen beperking aan de actieradius , maar een hybride is , met twee <font color=red><b>motoren</b></font> en een pakket accu's , altijd duur en zwaar ."
"motor/noun/parool19990406/40658"	62.6653380838425	47.4358067113834	"De uitlaatgassen van de <font color=red><b>motoren</b></font> worden door de rotors zo verspreid dat ze een bol van warme gassen vormen waarin zich ergens , niet goed zichtbaar voor de hittezoekende kop van de raket , de helikopter bevindt ."
"motor/noun/parool19990420/15499"	-63.1451179531312	-58.4708357734884	"Verderop staat zijn beroemde en verpletterend mooie <font color=red><b>motor</b></font> te koop en een niet minder prachtige elektrisch aangedreven fiets die hij beide milieutechnisch gezien goedkeurt ' omdat men al een heel eind op weg is om elektrische energie te genereren uit natuurlijke bronnen als zon en wind . '"
"motor/noun/parool19990504/40043"	19.6654124503004	-77.0138904918427	"Daarmee was Getronics de grote <font color=red><b>motor</b></font> achter de stijging van de Midkap-index ."
"motor/noun/parool19990515/54991"	-36.6616629075863	-59.3345579735171	"Arie Simon heeft alle dertig <font color=red><b>motoren</b></font> uit de ' stal ' van Mater inmiddels gecontroleerd ."
"motor/noun/parool19990618/43387"	-58.5633477692004	-57.6279984676714	"Dat kan -ie allemaal omdat de sterkste <font color=red><b>motor</b></font> die in de Mondeo te koop is ( de 2,5-l V6 van 170 ) als uitgangspunt is genomen voor een Cosworth-waardige exercitie : er werd geslepen , gepolijst , opnieuw - maar dan lichtgewicht - gesmeed , een lichter vliegwiel gemonteerd , het flexibele inlaatsysteem geoptimaliseerd en nog het een en ander totdat er 205 prachtige volbloedpaarden uitkwamen bij een nog steeds civiel toerental van 6500 en een subliem soepel koppel van 235 Nm bij een eveneens burgerlijke 5500 omw/min ."
"motor/noun/parool19990625/5410"	39.3686545801731	7.59238446654095	"De successen op de circuits van de vooroorlogse racemonsters van Auto Union die met hun achterin geplaatste V16 <font color=red><b>motoren</b></font> die andere Silberpfeile ( die van Mercedes-Benz ) het leven zuur maakten en het technische vernuft van Nazi-Duitsland moesten uitdragen , werden in de rallywereld herhaald door mensen als Walter Röhrl en de charmante Française Michèle Mouton ."
"motor/noun/parool19990630/20153"	61.0282924190373	12.1046860955352	"Dan kan je kiezen uit een eenvoudige <font color=red><b>motor</b></font> voor de beginner of een motor die aansluit bij je voorliefde voor hard rijden ."
"motor/noun/parool19990630/20159"	60.4138318041392	4.4021860231662	"Dan kan je kiezen uit een eenvoudige motor voor de beginner of een <font color=red><b>motor</b></font> die aansluit bij je voorliefde voor hard rijden ."
"motor/noun/parool19990701/69459"	-22.6120853738689	-66.3442657650045	"Toch ligt de techniek op dit moment wederom op de tekentafels : omdat de fossiele brandstoffen uitgeput raken , werken in Amerika en Duitsland verschillende bedrijfjes aan een ' zonnemotor ' , een <font color=red><b>motor</b></font> op basis van de heteluchttechniek die wordt opgewarmd door de zon ."
"motor/noun/parool19990812/9750"	-22.9691713608042	-23.2401508478373	"Wanneer de eerste stuurman de <font color=red><b>motoren</b></font> niet onmiddellijk had stopgezet , of wanneer direct een nieuwe golf was geraakt , was de kans groot geweest dat zeewater op het autodek terecht was gekomen ."
"motor/noun/parool19990823/15056"	-22.449178074965	75.7618519659791	"Hij kwam door nog onbekende oorzaak met zijn <font color=red><b>motor</b></font> ten val ."
"motor/noun/parool19990903/20906"	0.55216346656546	-15.9775632149584	"De bussen hebben de <font color=red><b>motor</b></font> achterin en worden als het ware voortgeduwd ."
"motor/noun/parool19991026/3694"	-23.7333351689303	-31.2463812201179	"Acht jaar geleden verkocht hij zijn groothandel in bedrijfswagens en nu is hij de <font color=red><b>motor</b></font> achter de Stichting Duurzame Mobiliteit ."
"motor/noun/parool19991027/5667"	11.311615313536	93.544528812745	"Bijvoorbeeld als hij vertelt hoe hij het flikte om uit dienst te blijven ( " Ik heb me uit laten schrijven uit het bevolkingsregister , met bestemming onbekend " ) , of hoe hij een goede vriend aan een rijbewijs hielp : " Die wilde een lange reis maken door Afrika , op de <font color=red><b>motor</b></font> , maar hij had zijn rijbewijs nog niet , en het zag er ook niet naar uit dat hij dat snel ging halen ."
"motor/noun/parool19991027/5786"	13.7037906218608	93.8326126468342	"Hij bakt er helemaal niks van , en valt ook nog van zijn <font color=red><b>motor</b></font> , maar hij haalt wel zijn rijbewijs . ""
"motor/noun/parool19991103/30318"	-52.5900127085463	-57.0339569598259	"Stefan erkende met de gedachte te hebben gespeeld zich op een <font color=red><b>motor</b></font> in Duitsland te pletter te rijden ."
"motor/noun/parool20000107/44995"	36.5336016554238	9.45520383397987	"Dat lukte later , als alleen nog leverancier van de <font color=red><b>motoren</b></font> voor Williams en Benetton , wél verscheidene malen ."
"motor/noun/parool20000112/15644"	34.5675939758047	-20.7287139466731	"Het is bekend dat opgestarte <font color=red><b>motoren</b></font> de eerste minuten meer gif uitstoten en meer brandstof verbruiken ."
"motor/noun/parool20000204/42796"	-10.923462036355	43.9628572646188	"Die oude <font color=red><b>motoren</b></font> hebben de zwavel nodig voor de smering van hun brandstofpompen en moeten , als hier alleen zwavelarm te koop is , gewoon netjes thuisblijven ."
"motor/noun/parool20000405/30958"	69.7350717515413	15.0208624641264	"In veel landen hoeven berijders van de C1 dan ook geen helm te dragen , maar in Nederland wordt hij als een gewone <font color=red><b>motor</b></font> gezien ."
"motor/noun/parool20000405/30964"	66.6654767950967	12.8702362952991	"De <font color=red><b>motor</b></font> kan aan de seizoenen worden aangepast : in de winter blijf je lekker warm met de handvat- en buddyseatverwarming ; in de zomer kan er met alleen een zonnedakje worden gereden ."
"motor/noun/parool20000414/16931"	-21.7940768637531	5.1879492958665	"Onderhuids heeft de C meer nieuws dan de <font color=red><b>motoren</b></font> alleen , want hij staat op een geheel nieuw onderstel en de kogelkringloopbesturing is eindelijk vervangen door een tandheugel ."
"motor/noun/parool20000414/17307"	-2.31931311457863	-38.1973130580566	"Men kan ook zichtbaar maken hoe een bepaald onderdeel , de <font color=red><b>motor</b></font> bijvoorbeeld of het schutbord tussen motorruim en passagierscompartiment , bij een botsing vervormt ."
"motor/noun/parool20000421/10517"	-41.0823419250517	-33.7491644000714	"Zodra je de bak in z'n één zet , slaat de <font color=red><b>motor</b></font> weer aan ."
"motor/noun/parool20000519/18732"	45.6989161416606	-71.6202349181967	"Dat was lachen om die stakkers die in zo'n miezerig en eng ding , met de <font color=red><b>motor</b></font> achterin , rondreden ."
"motor/noun/parool20000526/13929"	29.5798191934155	-24.2708345358397	"Nu heeft de drieliter-Lupo een dermate zuinige <font color=red><b>motor</b></font> , dat deze ook wat milieuvervuiling betreft al voldoet aan de zeer strenge eisen die in de EU pas in 2005 van kracht worden ."
"motor/noun/parool20000626/28224"	56.9655126979225	-22.1273138150359	"" Mijn <font color=red><b>motor</b></font> was te warm . ""
"motor/noun/parool20000707/7498"	17.5981240494241	18.1493821490952	"De <font color=red><b>motor</b></font> heeft de op één na modernste versie van de commonrail ."
"motor/noun/parool20000916/10447"	-55.5524974464295	-90.7633488420308	"Wie met de <font color=red><b>motor</b></font> naar zijn werk gaat , voldoet dus precies aan de doelstellingen van de minister ."
"motor/noun/parool20001103/35846"	-51.2107356229574	-26.9865568545309	"Met iedere klap van het machtige heiblok zakte de stam dieper in het zand en kwam uit de kromme schoorsteenpijp bovenop de <font color=red><b>motor</b></font> van de machine een zwarte pluim dieselrook ."
"motor/noun/parool20001124/14167"	34.402184610542	45.0586917635048	"Er zijn <font color=red><b>motoren</b></font> , vijf cilinders allemaal , van 140 tot 250 pk en er komt begin volgend jaar de eerste eigen 2,4-l diesel van 163 pk ."
"motor/noun/parool20001125/22249"	-27.5246298480925	-17.7370963342497	"De eerste haperingen in de <font color=red><b>motor</b></font> kwamen in augustus : volkomen eenzijdig hevelde Alladvantage.com al zijn leden over naar een goedkoper uitbetalingsalternatief ."
"motor/noun/parool20001215/41317"	-60.4823025549932	-51.8479628710433	"Gebleven zijn de uitmuntende <font color=red><b>motoren</b></font> ."
"motor/noun/parool20001215/41322"	-55.1188625687453	-53.5508392333568	"Beide <font color=red><b>motoren</b></font> zijn met een soepel schakelende handbak te koop of met een schokvrije automaat ."
"motor/noun/parool20010223/11423"	40.3695936244975	21.7847509745862	"Het is voor hen blijkbaar simpeler dan ooit geworden , zonder krampachtige constructies om de van huis uit zo onderstuurde voorwielaandrijvers ( zeker bij Audi , waar de <font color=red><b>motoren</b></font> altijd zo vreselijk ver voor de vooras hingen ) een beetje acceptabel een bocht door te laten gaan ."
"motor/noun/parool20010223/11569"	34.1091207937374	-88.6949726444652	"' Onze ' <font color=red><b>motor</b></font> is een fijne keuze als je geen echte kilometervreter bent ."
"motor/noun/parool20010321/16543"	18.169787857432	-8.676668965553	"Götte kwam zaterdag om het leven toen hij bij Middelburg met zijn <font color=red><b>motor</b></font> op een auto botste ."
"motor/noun/parool20010321/36760"	-12.6746479064569	28.2585910850762	"Vanwege de werkzaamheden aan het Spui rijden brommers , fietsers en <font color=red><b>motoren</b></font> zo'n beetje recht door het Nieuwscentrum ."
"motor/noun/parool20010404/12139"	-31.1882440378603	97.7660026626785	"Volgens het Witte Huis raakten twee <font color=red><b>motoren</b></font> en de neus van de EP-3 zwaar beschadigd bij de botsing met een Chinees gevechtsvliegtuig , afgelopen zondag ."
"motor/noun/parool20010420/9532"	29.9931036823224	33.829077013453	"Maar natuurlijk had Opel er meer pk's in kunnen stoppen , krachtiger <font color=red><b>motoren</b></font> hebben ze volop op de plank liggen ."
"motor/noun/parool20010430/21696"	-14.2066498649992	31.087239511332	"Het is natuurlijk zoiets als met treintjes spelen , een alternatief voor de <font color=red><b>motor</b></font> die je niet kunt rijden . ""
"motor/noun/parool20010515/5707"	-4.03021982285637	-63.0246450823762	"Rijders die nu voor het eerst op een <font color=red><b>motor</b></font> stappen , zijn feitelijk nog niet klaar om aan het verkeer deel te nemen ."
"motor/noun/parool20010525/39428"	-55.6319913404766	20.7700939880508	"Daarom heeft de in 1998 gelanceerde jongste versie van de Clio een gedeeltelijk gewijzigd uiterlijk gekregen , een opgefrist interieur , een stel nieuwe <font color=red><b>motoren</b></font> ( waaronder twee zeer moderne commonrail diesels ) en werden rijgedrag en veiligheid weer op een wat hoger niveau getild ."
"motor/noun/parool20010713/14350"	-51.5755137234448	-62.7288039275172	"De nieuwe <font color=red><b>motor</b></font> is ook weer in een Panda Young te koop en dan vragen ze er het nog steeds beminnelijke bedrag van 13.295 gulden voor , nog altijd minder dan de eerstvolgende in de prijslijsten , de ook al zo vertrouwde Suzuki Alto ."
"motor/noun/parool20010714/43613"	11.3496607063545	57.1771779434204	"Eind 1932 werd de licentie om <font color=red><b>motoren</b></font> te mogen maken voor dertigduizend dollar verkocht aan een Japanse dealer ."
"motor/noun/parool20010725/27629"	1.77809861923633	-20.0606269949741	"Om de schrijvende media toch in staat te stellen kennis te maken met de romantiek van de wielersport kunnen ze dagelijks achterop bij een van de twee beschikbare <font color=red><b>motors</b></font> ."
"motor/noun/parool20010727/2097"	-9.50905787882597	7.43037980305333	"Dat geeft de Volvo S60 met deze <font color=red><b>motor</b></font> een acceleratie van 0-100 in 9,5 sec en een topsnelheid van 210 km/h ."
"motor/noun/parool20010907/8072"	-25.102550581771	-26.1883270816384	"Ooit hadden ze een heel bijzondere versie van het Vijfje , de Turbo , die , in tegenstelling tot het origineel , een vette <font color=red><b>motor</b></font> achterin had ."
"motor/noun/parool20011003/11692"	-6.83757048847763	49.2518517860907	"Hij reed zes jaar <font color=red><b>motor</b></font> en had drie weken tevoren een nieuwe gekocht ."
"motor/noun/parool20020306/17923"	19.5747941813177	-14.3538143970603	"Götte probeerde 17 maart vorig jaar zijn nieuwe <font color=red><b>motor</b></font> uit ."
"motor/noun/parool20020320/241"	-36.041943878659	14.9492059706639	"Op de weghelft richting Schiphol klapten een <font color=red><b>motor</b></font> en een busje op elkaar ."
"motor/noun/parool20020523/38557"	37.6003934552617	-32.9255073544375	"Omdat zeker de C5 Break vooral zakelijk gereden zal worden , kozen we voor de meest voor de hand liggende <font color=red><b>motor</b></font> voor de kilometervreter , de tweeliter commonrail diesel ."
"motor/noun/parool20020620/15054"	9.88206725655836	-32.4710960029254	"En om aan te geven dat de Superb geen stakkerdje is , monteren ze er lle ook in de Passat leverbare <font color=red><b>motoren</b></font> in , behalve juist instappertje 1,6-liter ( niet roepen : ' en die W8 dan ? ' nu die is in alle stilte al weer uit het Passataanbod is verdwenen ) ."
"motor/noun/parool20020725/10881"	62.8035362530424	14.050360636673	"Het weggedrag blijft voorbeeldig , want van de listige streken die sommige andere sportwagens met centraal geplaatste motor ( de ' echte ' Porsche 911 heeft de <font color=red><b>motor</b></font> achterin ) soms huiveringwekkend maken , willen de Boxsters niets weten ."
"motor/noun/parool20020815/11598"	-15.4766411771644	-10.0867486756356	"Parkeer je de Scarver , dan de tas mee en de helm op de <font color=red><b>motor</b></font> laten zitten ."
"motor/noun/parool20020817/4370"	38.4196540671962	-30.7051601924567	"" Maar aan de kant hoor je alleen dat mooie geplof van de diesel <font color=red><b>motor</b></font> , " verzekert Nout ."
"motor/noun/parool20020930/24993"	2.70844674755917	16.5619884778087	"Vorig jaar deden zo'n 620.000 mensen een theorie-examen voor <font color=red><b>motor</b></font> , auto en bromfiets ."
"motor/noun/parool20021015/10406"	66.8676699713178	3.31163468675094	"Snelle <font color=red><b>motoren</b></font> met flink wat cc's ."
"motor/noun/parool20021015/10418"	63.1592837801377	2.76134622162817	"Het aantal vrouwen dat <font color=red><b>motor</b></font> rijdt is de laatste jaren verdubbeld , terwijl ook de rijstijl van de motormeiden steeds meer gericht is op de snelheid en de kicks ."
"motor/noun/parool20021015/10680"	-21.003798891559	-48.492294829694	"" Heerlijk om na zo'n rustig gereden toertocht toch nog even je <font color=red><b>motor</b></font> de sporen te geven . ""
"motor/noun/parool20021015/11587"	15.104751399696	84.2911126098659	"Zelf rijdt ze al <font color=red><b>motor</b></font> sinds ze in 1984 in Canada haar rijbewijs haalde ."
"motor/noun/parool20021015/12381"	-4.14334313578482	-67.7501764527557	"Hoewel haar man ook motorrijder is , wist ze dat hij het veel te gevaarlijk zou vinden als zij op de <font color=red><b>motor</b></font> zou stappen ."
"motor/noun/parool20021017/10323"	-23.4746741167382	-8.37984171268192	"Een heuse M3 roadster , met dat beest van een <font color=red><b>motor</b></font> uit de M3 , mocht pas voor 72.340 euro van de dealer de garage uit ."
"motor/noun/parool20021017/10542"	-34.6622299619856	-56.9687402891799	"De <font color=red><b>motoren</b></font> komen natuurlijk uit de vertrouwde eigen Beierse stal , maar de roadsters zelf worden in de Amerikaanse vestiging te Spartanburg in South-Carolina gebouwd en de eerste maanden productie zijn ook voor de VS-markt bestemd ."
"motor/noun/parool20030426/51791"	-17.6445650989169	-55.5922770454819	"Wij komen ze daar op onze wandelingen regelmatig tegen , die pittige en rappe rakkertjes die er met hun behoorlijk opgekietelde <font color=red><b>motoren</b></font> lekker vandoor gaan of messcherp sturend de vele bochten nemen ."
"motor/noun/parool20030705/2907"	12.4107458230026	-54.661715516422	"Als de <font color=red><b>motor</b></font> 73 kilometer per uur had gereden , had het volgens Velleman minstens vier seconden geduurd voordat hij de plek van de botsing had bereikt ."
"motor/noun/parool20030705/2940"	-14.3036700703207	58.6596815743221	"" Ik denk dat de <font color=red><b>motor</b></font> , die met licht reed , zichtbaar was op het moment dat de verdachte opreed . ""
"motor/noun/parool20040529/59670"	1.46479400115386	52.8854521485239	"" De liefde voor de <font color=red><b>motor</b></font> is daarna sterk verminderd ."
"motor/noun/parool20040608/4781"	0.511285359549716	-0.983783681388828	"Een vrouw die achterop de <font color=red><b>motor</b></font> zat , is gewond naar een ziekenhuis in Leiden gebracht ."
"motor/noun/parool20040705/9937"	57.2867521986631	2.76575621881077	"Ze zat achter op de <font color=red><b>motor</b></font> bij haar man ."
"motor/noun/parool20040705/9945"	54.8400938095887	2.17055159626941	"De <font color=red><b>motor</b></font> botste tegen een boom ."
"motor/noun/trouw19990508/74803"	8.86466611609901	7.98897260083732	"In een speelautomatenhal in Tokio racen zakenmannen met lunchpauze niet alleen met een <font color=red><b>motor</b></font> , een snelle auto of een speedboot , maar ook met een Shinkansen ."
"motor/noun/trouw19990721/2408"	2.33959255318272	86.246010921051	"De motorrijder is voorlopig niet alleen zijn <font color=red><b>motor</b></font> kwijt , maar voor zeker vier maanden ook zijn rijbewijs ."
"motor/noun/trouw19990727/14285"	-9.91481975071803	68.2433798395983	"Van de negenhonderd ernstige ongevallen met <font color=red><b>motoren</b></font> in 1993 en 1994 waren er driehonderd botsingen met een auto op een kruispunt ; in 210 daarvan gaf de auto geen voorrang ."
"motor/noun/trouw19990727/14323"	-13.2600241761846	61.2172033481162	"Wanneer de botsing binnen de bebouwde kom was , reed de <font color=red><b>motor</b></font> meestal te hard ."
"motor/noun/trouw19990727/14344"	-32.0117771936244	69.9037563889791	"Er gebeuren meer ongelukken met sportmotoren dan met tourmotoren , maar niet het type <font color=red><b>motor</b></font> maar de rijstijl , leeftijd en ervaring van de motorrijder bepalen volgens de SWOV de kans op een ongeval ."
"motor/noun/trouw19990727/9509"	15.1018757869413	26.949755578388	"De <font color=red><b>motor</b></font> van dit zonovergoten weertype is een krachtig hogedrukgebied nabij Schotland met een uitloper naar Denemarken ."
"motor/noun/trouw19991020/7314"	29.6157706102631	-75.3842240313795	"Het aantal <font color=red><b>motoren</b></font> groeide met 5 procent naar 392 000 ."
"motor/noun/trouw19991023/76221"	76.2043330934312	-53.5456316577509	"Will : " Het kapitalisme is een <font color=red><b>motor</b></font> van veranderingen die nooit aflaat , een revolutionaire opjutter van verlangens ."
"motor/noun/trouw19991208/39453"	52.0536717885787	-23.9056864662012	"De kraan maakt zijn <font color=red><b>motor</b></font> warm voor het afbreken van het gebouw met zes verdiepingen ."
"motor/noun/trouw19991224/107724"	61.8630481898992	-28.0727806854867	"Tijdens de jaarwisseling is brandweer paraat , de politie staat klaar en de ambulance laat de <font color=red><b>motoren</b></font> warm draaien ."
"motor/noun/trouw20000124/21823"	33.0129877490579	48.2094399186608	"Het geheel wordt voortbewogen door een <font color=red><b>motor</b></font> met twaalf cilinders , die zorgen voor een topsnelheid van 300 kilometer per uur ."
"motor/noun/trouw20000523/11785"	-50.9098411528841	-14.1868210955208	"De <font color=red><b>motoren</b></font> van deze machines moeten volgens de vergunning slechts " zodanig zijn afgesteld dat de uitlaatgassen nagenoeg roet- en rookloos zijn " en " zijn voorzien van een doelmatige geluiddemper in de uitlaat " ."
"motor/noun/trouw20000603/88617"	-25.2710538741822	40.6002047832034	"Bij hun aanslagen reden ze vaak op <font color=red><b>motoren</b></font> die exclusief worden gebruikt door de Iraanse geheime dienst ."
"motor/noun/trouw20000724/16649"	-35.8499133654763	22.2047021410198	"Een 18-jarige bestuurder van een <font color=red><b>motor</b></font> uit Delft verongelukte zaterdagavond in Scheveningen ."
"motor/noun/trouw20000823/7324"	-22.2487724365845	93.3091074664899	"Maar volgens Netelenbos blijkt dat jonge motorrijders vaak de behendigheid missen om zware <font color=red><b>motoren</b></font> onder controle te houden ."
"motor/noun/trouw20000823/7421"	-39.9397126456244	83.8876574480969	"Hij kent geen onderzoeken die aantonen dat de overstap van lichte naar zware <font color=red><b>motoren</b></font> te groot zou zijn ."
"motor/noun/trouw20000823/7471"	-8.69557072157821	64.7607472568921	"Uit Europees onderzoek blijkt geen verband tussen het vermogen van een <font color=red><b>motor</b></font> en de kans op ongevallen ."
"motor/noun/trouw20000923/84244"	53.5602369886524	-46.2595937140578	"Taxichauffeurs , die hun auto's rustig uren laten stationair draaien , kunnen door hun <font color=red><b>motor</b></font> af te zetten en door minder te scheuren flink wat geld in de zak houden ."
"motor/noun/trouw20001021/71927"	7.23393688279741	-112.438381038265	"Want die economische <font color=red><b>motor</b></font> zal pas volop gaan werken , als het Japanse bedrijfsleven en bankwezen eindelijk grondig en systematisch wordt gesaneerd , de stroom faillissementen opdroogt en mensen niet langer bang hoeven te zijn hun baan te verliezen ."
"motor/noun/trouw20001111/34623"	-73.4263801121851	59.145626003918	"Laat staan een complete <font color=red><b>motor</b></font> voor het Italiaanse merk Aprilla of de herinrichting van het Elysée onder het presidentschap van Francois Mitterrand ."
"motor/noun/trouw20010707/27388"	-10.299751070395	-21.1709603913452	"Nu mocht ik verslag gaan geven , omdat niemand anders achter op de <font color=red><b>motor</b></font> wilde of durfde plaats te nemen ."
"motor/noun/trouw20010719/1553"	-70.3174216769735	-3.76273833512	"Als hij de <font color=red><b>motor</b></font> start , valt meteen op dat de uitlaat niet helemaal doet wat ie hoort te doen ."
"motor/noun/trouw20010915/86095"	-34.5441827210429	-60.1916045742612	"Ik haal mien <font color=red><b>motor</b></font> weer van stal"
"motor/noun/trouw20020112/3999"	4.50700558121672	119.114536396599	"Ook blijkt dat de Nederlander een duidelijke voorkeur heeft voor de zwaardere <font color=red><b>motoren</b></font> van meer dan 950 cc ."
"motor/noun/trouw20020223/45233"	-6.27830303649245	17.4636657184987	"Probeer je kind er maar eens heelhuids doorheen te slepen als er op het plein voor je huis drugshandelaars op scooters en <font color=red><b>motoren</b></font> tussen spelende kleuters doorscheuren ."
"motor/noun/trouw20020308/33591"	15.6669408194056	46.7150644607676	"Bakker : " Je moet nu gaan praten met werven , kijken wie de <font color=red><b>motor</b></font> levert , tekenen ."
"motor/noun/trouw20020406/59611"	51.7921583842618	-67.1613329934523	"Hij dringt in hoogsteigen persoon de bezette gebieden binnen en rijdt er volgens de verhalen op zijn <font color=red><b>motor</b></font> rond ."
"motor/noun/trouw20020608/25527"	5.09722432354771	-92.8714363229308	"De toename in de uitgaven van de consument ( 1,6 procent ) , de belangrijkste <font color=red><b>motor</b></font> in de Japanse economie , lijkt eveneens van korte duur ."
"motor/noun/trouw20020710/5356"	-7.0171612068438	94.5423764982225	"De politie nam de <font color=red><b>motor</b></font> van een 44-jarige man uit Honselersdijk in beslag omdat die 152 km/uur reed ."
"motor/noun/trouw20020912/17499"	-19.6949951020233	47.5699474321477	"Achter zijn <font color=red><b>motor</b></font> heeft hij een lijkkist op wieltjes gebonden , waarin een Bin Ladenpop ligt ."
"motor/noun/trouw20030520/35788"	2.23160613362333	1.53865336737849	"Maar De Boer denkt dat <font color=red><b>motoren</b></font> er geen last van hoeven te hebben als de drempel goed wordt afgesteld ."
"motor/noun/trouw20031120/7928"	-13.5533069179668	37.9121221241054	"De testauto , uitgerust met een sensor die vooruit kan kijken , de remmen bedient en de <font color=red><b>motor</b></font> aanstuurt , rijdt daartoe op een in de testvloer verzonken rollenbank ."
"motor/noun/trouw20031212/22620"	43.0380706234949	-65.6692747666245	"" Integendeel : we kennen de principes van schone <font color=red><b>motoren</b></font> met waterstof al tien jaar , maar nog nergens rijden waterstof-auto's rond ."
"motor/noun/trouw20040221/21597"	-38.7525213326016	-34.3063728459761	"Een eetlepel van de Activia gaat bij een halve liter supermarktmelk , een flesje Yakult klotst leeg in een andere bakje met witte <font color=red><b>motor</b></font> ."
"motor/noun/vk19970113/12767"	72.5379174134149	-14.4944349717989	"De boer , in zijn auto met draaiende <font color=red><b>motor</b></font> om hem warm te houden , stempelt nog eens en overhandigt de verdiende medaille ."
"motor/noun/vk19970215/113165"	5.14275378247179	-20.8270753336094	"Een leuke patser heeft bijvoorbeeld een <font color=red><b>motor</b></font> om achterop te zitten , of een auto met een open dak , een cabrio ."
"motor/noun/vk19970222/101189"	61.1237152615029	31.369867534697	"' De markt bepaalt hoe snel deze <font color=red><b>motoren</b></font> onder de vliegtuigen komen te hangen ."
"motor/noun/vk19970222/54709"	-10.2377748185056	-35.6904980860976	"Inmiddels is de WMG hart , <font color=red><b>motor</b></font> en de grote geldverdiener van Warwick University ."
"motor/noun/vk19970225/12270"	-47.0166625823697	49.2410517405991	"De <font color=red><b>motor</b></font> slipt over een fietspad en sleurt een meisje op de fiets mee ."
"motor/noun/vk19970405/81825"	16.9669770657545	-51.8422831389161	"De <font color=red><b>motor</b></font> is vooral functioneel ."
"motor/noun/vk19970526/14878"	-42.3526231048404	-16.7137140690213	"Acht winkelcentra , 130 huizen , 21 auto's , 60 <font color=red><b>motoren</b></font> en drie hotels werden in brand gezet , is de balans van de politie ."
"motor/noun/vk19970526/46359"	20.5852636630308	-8.62640677615471	"Daar kwam zondagmiddag ook de 71-jarige T. Speelman uit Vries ( Dr ) om het leven . zij werd op slag gedood toen een <font color=red><b>motor</b></font> tegen de auto botste waarin zij meereed ."
"motor/noun/vk19970628/19873"	-23.2168510316053	-2.02741141588913	"Ik reed met onderdelen door Mauretanië en in tenten sleutelden we illegaal aan die <font color=red><b>motoren</b></font> ."
"motor/noun/vk19970628/98744"	13.7801775756319	-28.932671188812	"Volgens de bedrijfsleiding zal de fabriek waarschijnlijk op de bestelling verliezen , omdat een groot deel van de regerings-Wolga's zal worden uitgerust met buitenlandse <font color=red><b>motoren</b></font> , die met de hand ingebouwd moeten worden ."
"motor/noun/vk19970719/80269"	-70.3689222761259	16.9390743645296	"Er is een tweetaktprijs , een prijs voor <font color=red><b>motoren</b></font> tot 400 cc , een prijs voor de meest originele motor en een publieksprijs ."
"motor/noun/vk19970901/41607"	12.6717943017333	-50.9947029945858	"Bij 250 km per uur wordt de <font color=red><b>motor</b></font> computergewijs getemperd ."
"motor/noun/vk19970902/36271"	-24.1448797784375	33.3826783939143	"De advocaat vertelde maandag dat een getuige had gezien hoe een <font color=red><b>motor</b></font> zigzaggend voor de Mercedes reed , enkele seconden voordat die tegen de tunnelpijler botste ."
"motor/noun/vk19970918/57628"	-16.1237347182064	-13.818709990909	"Meestal was er wel wat , of juist niet : geen helm , een opgevoerde <font color=red><b>motor</b></font> , een weggevijld of vals chassisnummer ."
"motor/noun/vk19970922/27529"	-13.3799213524371	48.2993378975348	"Maar om volgend jaar weer met nummer 2 op m'n <font color=red><b>motor</b></font> te rijden , doet wel een beetje zeer . '"
"motor/noun/vk19971021/42417"	18.488028928364	-47.6139397776089	"Een auto moet de eerste twee kilometer van de rit veel koolwaterstoffen verbranden omdat de <font color=red><b>motor</b></font> nog koud is ."
"motor/noun/vk19971025/24907"	10.6456972325677	-22.3056094107109	"Maar men vraagt zich af waarom een klein autootje met vier airbags moet zijn gerust , waarom de <font color=red><b>motor</b></font> - werkelijk een prachtig exemplaar , je ziet alleen enkele zwarte dozen , waaronder zich de techniek bevindt - per se onder de stoelen moet verdwijnen in geval van een frontale crash ."
"motor/noun/vk19971122/87760"	-60.7140449982018	-21.7449708884923	"In Nègre's <font color=red><b>motor</b></font> is de klassieke cilinder vervangen door drie kamers : een cilinder van 270 cc voor de aanzuiging en compressie , een klein bolletje voor de verbranding , en een grote cilinder van 700 cc voor de expansie en de uitlaat ."
"motor/noun/vk19971122/87839"	-59.8977518860502	-11.5545269517312	"Het rendement ligt aanmerkelijk hoger en de <font color=red><b>motor</b></font> is dan ook veel zuiniger dan de meest gebruikte motoren ."
"motor/noun/vk19971122/87849"	-58.6480557919422	-13.2351769124341	"Het rendement ligt aanmerkelijk hoger en de motor is dan ook veel zuiniger dan de meest gebruikte <font color=red><b>motoren</b></font> ."
"motor/noun/vk19971122/87877"	43.992349314799	-5.83743126102587	"En tijdens de expansie kan de derde cilinder door zijn grootte beter dan bij de huidige auto's gebruik maken van de warmte in de <font color=red><b>motor</b></font> ."
"motor/noun/volkskrant19990104/10861"	-19.4187987851682	-66.8924363888913	"24 februari - 's Morgens de boot vastgelegd aan de Alexandra-brug en de beide <font color=red><b>motoren</b></font> laten lopen om ze op te warmen ."
"motor/noun/volkskrant19990303/27381"	15.9602001344083	10.4571915482701	"De <font color=red><b>motor</b></font> zat onder de voorstoelen ."
"motor/noun/volkskrant19990625/95873"	-44.2581376602445	16.7404697966576	"De garantie van volledige schadeloosstelling staat haaks op het uitgangspunt dat de aansprakelijkheid daar moet liggen waar het risico op schade wordt vergroot door met een auto of <font color=red><b>motor</b></font> aan het verkeer deel te nemen ."
"motor/noun/volkskrant19990625/96701"	4.35517241770887	-1.16102074036699	"Door het vermoeden van een fout bij de vrachtwagen , auto of <font color=red><b>motor</b></font> te leggen , wordt het verkeersslachtoffer van het problematische schuldbewijs bevrijd ."
"motor/noun/volkskrant19990703/26844"	8.69582582293169	-56.3343118859623	"De ene dag lees je in de krant dat mevrouw Netelenbos de verkoop van <font color=red><b>motoren</b></font> die harder dan driehonderd kilometer per uur kunnen wil verbieden ."
"motor/noun/volkskrant19990703/26872"	11.3556437112652	59.3533190654416	"De dag daarop staat het in de zaak zwart van de mensen die zo'n <font color=red><b>motor</b></font> willen kopen ."
"motor/noun/volkskrant19990727/26922"	-3.11312248838335	-17.8679202468003	"Een deel van hen komt tot de conclusie dat een <font color=red><b>motor</b></font> een handig vervoermiddel is voor het woon- werkverkeer ' , zegt een woordvoerder van de RAI ."
"motor/noun/volkskrant19990727/26946"	-28.9480485303139	-21.9519237963389	"De grotere belangstelling voor <font color=red><b>motoren</b></font> blijkt ook uit cijfers van het Centraal Bureau Rijvaardigheidsbewijzen ( CBR ) ."
"motor/noun/volkskrant19990727/27020"	-14.9011300302452	44.3406450625935	"Op grond daarvan mogen jongeren onder de 21 jaar slechts rijden op <font color=red><b>motoren</b></font> met een beperkt motorvermogen ."
"motor/noun/volkskrant19990918/54624"	-17.7995998612548	29.5980946172667	"Behalve schonere <font color=red><b>motoren</b></font> , wil Transport en Logistiek met grotere voertuigen gaan rijden , het rijgedrag van de chauffeurs verbeteren en de logistieke efficiëntie verbeteren ."
"motor/noun/volkskrant19990925/112305"	-8.49670823710518	-7.71924514463873	"Heerlijk rustig ja , elke werkdag heerst de terreur van het sluipverkeer en in het weekeinde jakkeren hele colonnes <font color=red><b>motoren</b></font> voorbij , die ook bij aangepaste snelheid de nodige decibellen produceren ."
"motor/noun/volkskrant19991009/38785"	-7.48108897581321	-50.8789010117504	"Ze hadden allebei een <font color=red><b>motor</b></font> gekocht om lekker mee rond te rijden , en daar stond ik op de stoep ."
"motor/noun/volkskrant19991021/13067"	-5.63138683093282	-32.7807677523281	"Van Rey is in Roermond de <font color=red><b>motor</b></font> achter het zogeheten factory outlet centre , een uit Amerika overgewaaid winkelfenomeen waar enorme restpartijen merkkleding tegen spotprijzen worden aangeboden ."
"motor/noun/volkskrant19991023/91772"	-48.797301515392	4.12756677064217	"Om te voorkomen dat het 3600 inwoners tellende oord wordt overspoeld door een eeuwig draaiende carrousel van auto's en <font color=red><b>motoren</b></font> gaan op bepaalde tijden de toegangswegen op slot en worden dagjesmensen in een fuik gelokt op mega-parkeerplaatsen aan de rand van de bebouwde kom ."
"motor/noun/volkskrant19991030/63224"	-38.2602121245538	-27.1534127049602	"Er staat een koelkast uit 1935 waarvan de <font color=red><b>motor</b></font> is geplaatst in een bol bovenop ."
"motor/noun/volkskrant19991218/102141"	-17.3708443925844	-16.9499112437396	"In een <font color=red><b>motor</b></font> met zijspan zit een agent met een enorme toeter ."
"motor/noun/volkskrant20000217/79008"	-33.1022360048208	38.2532314969075	"Volgens de politie zijn brommers en <font color=red><b>motoren</b></font> de belangrijkste veroorzakers van geluidshinder in Nederland ."
"motor/noun/volkskrant20000222/28386"	-6.77527558461925	-0.606960210809107	"Augustus 1998 breekt Vierhouten tijdens de wereldbekerwedstrijd HEW Classic - hij is ' mee ' in de beslissende ontsnapping - ook al een sleutelbeen nadat hij op een plotseling remmende <font color=red><b>motor</b></font> botst ."
"motor/noun/volkskrant20000313/55968"	31.4528173482915	1.13115786168377	"Net als McLaren , dat nog tijdens de race de pitboxen al kon ontruimen omdat beide auto's uitvielen met een opgeblazen <font color=red><b>motor</b></font> , heeft Arrows te maken met een fundamentele zwakte in het ontwerp van de auto ."
"motor/noun/volkskrant20000429/44933"	-30.4791182478917	-13.0562395252569	"Wat een verklaring mag zijn voor de tweeduizend gulden extra BPM ( belasting van personenauto's en motorrijwielen ) die vanaf 1 mei wordt geheven op nieuwe dieselauto's , de grote concurrent van <font color=red><b>motoren</b></font> met een LPG-installatie ."
"motor/noun/volkskrant20000516/4185"	14.5828558180024	1.84146685152329	"De zoon van de man , die ook op een <font color=red><b>motor</b></font> achter de auto aan reed , bleef ongedeerd ."
"motor/noun/volkskrant20000610/119849"	-64.6185769985569	14.1790462362356	"Dat van die black box kan langzamerhand ook vrij letterlijk worden genomen , want de hedendaagse <font color=red><b>motor</b></font> ziet er van boven uit als een zwart en doosvormig geheel ."
"motor/noun/volkskrant20000819/106717"	-2.48099398417186	-32.9191070108122	"Maar het is niet meer vanzelfsprekend dat de thuisgebruiker de winkel uitstapt met een pc voorzien van het gebruikelijke vierspan van Microsoft : Windows ( de <font color=red><b>motor</b></font> van de pc ) , Internet Explorer ( de browser voor het web ) , Outlook ( het e-mailprogramma ) en Office ."
"motor/noun/volkskrant20000824/43448"	-33.7763528906078	3.22620417639253	"' Het oude ritme heeft afgedaan ' , zei de tekstdichter in 1924 tegen de New York Times , ' en in zijn plaats horen we brommende <font color=red><b>motoren</b></font> , zoevende wielen en een knallende uitlaat ."
"motor/noun/volkskrant20000916/12979"	12.2874922817773	12.2067223852503	"Hij had een auto gerecycled tot een kippenhok , de <font color=red><b>motor</b></font> eruit gehaald en er een generator ingezet ."
"motor/noun/volkskrant20000929/91426"	50.9396819556841	-46.1867907657758	"Taxichauffeurs die hun auto's rustig uren stationair laten draaien , kunnen door hun <font color=red><b>motor</b></font> af te zetten en door minder te scheuren flink wat geld in de zak houden ."
"motor/noun/volkskrant20001012/32651"	-62.730679350194	10.0752738912224	"' Dat was behoorlijk ingrijpend ' , zegt de bassist nu , op dezelfde bescheiden wijze waarmee hij al vijfentwintig jaar als vaardig en expressief bassist de <font color=red><b>motor</b></font> vormt van het Willem Breuker Kollektief ."
"motor/noun/volkskrant20001209/79"	22.5872989649283	-77.9447938203586	"De energiekosten zijn de <font color=red><b>motor</b></font> achter de hoge inflatie ."
"motor/noun/volkskrant20010112/24182"	21.4078749046015	-72.6152501020358	"Het aantal verkochte <font color=red><b>motoren</b></font> groeide in het afgelopen jaar met 11 procent tot 19.626 stuks ."
"motor/noun/volkskrant20010127/125280"	-31.5103133849237	-6.3127216736001	"Daarnaast kreeg de <font color=red><b>motor</b></font> een rol aan de achterkant , zodat de renner niet te dicht op het motorwiel kon rijden ."
"motor/noun/volkskrant20010322/40498"	19.1825068021479	-4.96959135771005	"Götte kwam zaterdag om toen hij bij Middelburg met zijn <font color=red><b>motor</b></font> op een auto botste ."
"motor/noun/volkskrant20010419/48771"	7.90924698596588	34.7108734025973	"De <font color=red><b>motor</b></font> zat achterin ."
"motor/noun/volkskrant20010512/124747"	-46.8916131707941	-32.7212625696679	"Eigenlijk zijn romp en <font color=red><b>motor</b></font> niet helemaal te scheiden ; de onderkant van de romp vormt als het ware de inlaat en de uitlaat van de motor ."
"motor/noun/volkskrant20010719/788"	-12.4329033225945	-36.6817916271333	"Inderdaad , drugs zijn op dit moment de <font color=red><b>motor</b></font> van het binnenlandse conflict in Colombia ."
"motor/noun/volkskrant20010804/55131"	-0.157908685205408	22.3357941609366	"Voor de prestaties maakt het niet uit : de <font color=red><b>motoren</b></font> van alle scooters zijn gelijk ."
"motor/noun/volkskrant20010815/37791"	-37.9301131140739	-0.501047735476017	"Net als aan het begin van de voorstelling : <font color=red><b>motoren</b></font> met afgezaagde uitlaten razen om Dante heen en agressieve techno verdooft hem ."
"motor/noun/volkskrant20010829/50639"	-26.560365069765	23.5168042343432	"Tientallen journalisten , niet alleen uit Oostenrijk , laten zich daar door medici bijpraten over patiënt Hermann Maier , die vorige week vrijdag met zijn <font color=red><b>motor</b></font> ernstig ten val kwam nabij Radstadt ."
"motor/noun/volkskrant20010906/72116"	-3.86518962387511	66.5832420326238	"Voormalig langlaufer Vincent Vermeulen is fysiotherapeut van de Oostenrijkse skiër Hermann Maier , de tweevoudig olympisch kampioen die twee weken geleden een ernstig ongeluk met zijn <font color=red><b>motor</b></font> had ."
"motor/noun/volkskrant20010926/46276"	64.4173754202136	-19.0937608644126	"Om halfvijf start Farmi zijn mooie brik , laat de <font color=red><b>motor</b></font> tussen de achthonderd en tweeduizend toeren warm draaien , stopt nog even voor de zaak om vuilniszakken in te laden en vertrekt ."
"motor/noun/volkskrant20011025/16746"	-47.4032174815079	8.43019550067528	"De <font color=red><b>motor</b></font> draaide ."
"motor/noun/volkskrant20011207/19440"	7.90854030902017	-8.55722914421903	"De gedeputeerde vergelijkt de lekkage bij DSM van twee jaar geleden met een kapotte automotor : ' De auto kan weer veilig de weg op als de <font color=red><b>motor</b></font> is vervangen ."
"motor/noun/volkskrant20020110/35951"	35.5487834369938	-30.1487507407538	"Er liggen enkele Europese onderzoeken uit 1997 waaruit een reductie blijkt van 2 tot 3 decibel , maar die is gemeten met oude <font color=red><b>motoren</b></font> ."
"motor/noun/volkskrant20020110/36094"	-22.9408888423533	-46.6571877140956	"En dat , zegt Shell , is niet zozeer om de geringe geluidsvoordelen , maar om het betere starten van de <font color=red><b>motor</b></font> , het rustiger rijgedrag en de lagere stikstofoxidenemissie ."
"motor/noun/volkskrant20020126/130116"	-72.6120690386259	56.9757142265411	"Zij is de <font color=red><b>motor</b></font> achter de recente wederopstanding van het merk van haar schoonmoeder ."
"motor/noun/volkskrant20020302/65063"	-24.9892627248868	99.1401266209581	"Doordat de trein geen zware <font color=red><b>motoren</b></font> heeft , kan hij makkelijk op palen in het landschap worden gezet ."
"motor/noun/volkskrant20020330/121488"	71.1852587825098	-26.1962312334421	"Pas als de <font color=red><b>motor</b></font> goed warm is geweest gaan we weer terug ."
"motor/noun/volkskrant20020330/133334"	-19.9722863753505	-32.2506283657074	"Sindsdien is volgens sommigen de Duitse autoindustrie het toneel van een strijd tussen ontzaglijke ego's , die zich afspeelt in de top van de automarkt , de imponeerlimousines , waarbij niet wordt gekeken op een vierkante meter Con nol ly-leer of notenfineer , en waarin de <font color=red><b>motoren</b></font> uit de binnenvaart afkomstig konden zijn ."
"motor/noun/volkskrant20020402/10134"	-26.0815701589093	75.446212804845	"Vrijdagmiddag verloor een 30-jarige motorrijder de controle over zijn <font color=red><b>motor</b></font> , zondagmiddag is een motorrijder ( 26 ) uit Genemuiden verongelukt , maandag verongelukte een 50-jarige motorrijder uit het Limburgse Montfort ."
"motor/noun/volkskrant20020525/135763"	-52.0406787926724	-59.0652099916381	"Je kon beter <font color=red><b>motor</b></font> rijden dan zo te koop rijden met je armoe ."
"motor/noun/volkskrant20020531/36750"	120.353871630019	-54.9008651753553	"Hij zat nog geen twintig minuten achter het stuur toen de <font color=red><b>motor</b></font> afsloeg op de spoorwegovergang ter hoogte van het Haantje in Rijswijk ."
"motor/noun/volkskrant20020603/56737"	-22.004206216131	19.5751286391991	"Tijdens de tests op het circuit in Assen , later deze week , zal de <font color=red><b>motor</b></font> van Janssen een uitgebreide controle ondergaan ."
"motor/noun/volkskrant20020611/28224"	121.607486944815	-58.6980516883418	"Of ze toeteren wanneer ze achter je staan bij een stoplicht.Als een leerling dan zenuwachtig wordt en de <font color=red><b>motor</b></font> afslaat , zijn de poppen aan het dansen . '"
"motor/noun/volkskrant20021010/65683"	-5.8544444806314	-95.635086269868	"Het is de bepalende factor geworden in ons leven , de <font color=red><b>motor</b></font> achter de economie , de basis voor de inrichting van onze steden , de ontspannende en sociale activiteit nummer één ."
"motor/noun/volkskrant20030613/9921"	59.9996233470468	47.3374289526484	"Machtsvertoon in de wildernis : twee Mirages , Franse gevechtsvliegtuigen , komen stuntend en met brullende <font color=red><b>motoren</b></font> overvliegen ."
"motor/noun/volkskrant20031204/17043"	4.17473487895635	-95.7326910403841	"Door de ' onevenwichtigheden ' in de Amerikaanse economie kan de <font color=red><b>motor</b></font> van de groei in de wereld gaan sputteren voor hij goed en wel is warm gedraaid , denkt Van Leenders ."
"motor/noun/volkskrant20040304/19134"	-51.4666604166227	-7.05830704826984	"Het vooroordeel dat een goede chiptuning de <font color=red><b>motor</b></font> in de soep draait , is achterhaald , zegt Gense ."
"motor/noun/volkskrant20040316/30913"	-31.0479922565465	-17.8351020734609	"We hadden onze <font color=red><b>motor</b></font> gestald , we wilden daar naar binnen , maar het was vol . '"
"motor/noun/volkskrant20040420/2994"	77.1091367124295	-25.3622813538789	"' Nummer tweehonderdzeventien , dat pandje met die klokgevel ' , zei ik , terwijl ik boven het geraas van de <font color=red><b>motor</b></font> probeerde uit te komen ."
"motor/noun/volkskrant20040529/71415"	39.8190760379887	-20.4484147157796	"Voordelen van het zweefvliegen : er kunnen geen <font color=red><b>motoren</b></font> uitvallen en de benzine kan niet opraken ."
"motor/noun/volkskrant20040709/23067"	28.79755205273	37.2160148020412	"' Zodra je een <font color=red><b>motor</b></font> opvoert , heb je een performance car , en die moet je met liefde behandelen . '"
"motor/noun/volkskrant20040709/23099"	77.1754206976769	-30.3884865276666	"Een aantal regels dient immer in acht genomen te worden : de <font color=red><b>motor</b></font> moet goed warm zijn voor je hem belast ."
"motor/noun/volkskrant20041014/19715"	-95.2982692252826	-102.628669582661	"Een Britse ontwerper heeft onlangs een ' smarthelm ' bedacht voor <font color=red><b>motoren</b></font> , die snelheid , knipperlichten en versnelling weergeeft ."
